building_id,count_floors_pre_eq,age,area_percentage,height_percentage,land_surface_condition,foundation_type,roof_type,ground_floor_type,other_floor_type,position,plan_configuration,has_superstructure_adobe_mud,has_superstructure_mud_mortar_stone,has_superstructure_stone_flag,has_superstructure_cement_mortar_stone,has_superstructure_mud_mortar_brick,has_superstructure_cement_mortar_brick,has_superstructure_timber,has_superstructure_bamboo,has_superstructure_rc_non_engineered,has_superstructure_rc_engineered,has_superstructure_other,legal_ownership_status,count_families,has_secondary_use,has_secondary_use_agriculture,has_secondary_use_hotel,has_secondary_use_rental,has_secondary_use_institution,has_secondary_use_school,has_secondary_use_industry,has_secondary_use_health_post,has_secondary_use_gov_office,has_secondary_use_use_police,has_secondary_use_other
0,1,3,8,3,t,r,q,f,j,s,d,0,1,0,0,0,0,0,0,0,0,0,v,1,0,0,0,0,0,0,0,0,0,0,0
1,1,1,10,3,t,i,x,x,j,s,c,0,0,0,0,1,1,0,0,0,0,0,v,1,0,0,0,0,0,0,0,0,0,0,0
2,2,16,8,10,t,i,x,v,s,j,d,0,0,0,0,0,0,0,0,1,0,0,v,0,0,0,0,0,0,0,0,0,0,0,0
3,3,37,5,5,o,r,n,f,q,s,d,0,1,0,0,0,0,0,0,0,0,0,v,1,0,0,0,0,0,0,0,0,0,0,0
4,1,5,5,3,t,u,q,f,j,s,d,0,1,0,0,0,0,1,0,0,0,0,a,1,1,0,1,0,0,0,0,0,0,0,0
5,3,20,13,6,t,r,q,f,q,s,d,0,1,0,0,0,0,0,0,0,0,0,v,1,0,0,0,0,0,0,0,0,0,0,0
6,2,6,5,4,t,r,n,f,q,s,d,0,1,0,0,0,0,0,0,0,0,0,v,1,1,1,0,0,0,0,0,0,0,0,0
7,1,33,7,4,t,r,n,f,q,s,d,0,1,0,0,0,0,0,0,0,0,0,v,1,0,0,0,0,0,0,0,0,0,0,0
8,1,12,5,3,t,r,n,f,j,s,d,0,0,0,0,1,0,0,0,0,0,0,v,0,0,0,0,0,0,0,0,0,0,0,0
9,1,9,1,3,t,r,n,f,j,s,d,0,1,0,0,1,0,1,0,0,0,1,a,1,0,0,0,0,0,0,0,0,0,0,0
10,2,42,3,4,t,r,n,f,q,t,d,0,1,0,0,0,0,0,0,0,0,0,v,1,1,1,0,0,0,0,0,0,0,0,0
11,2,8,5,4,t,r,n,f,j,s,d,1,1,0,0,0,0,0,0,0,0,0,v,1,0,0,0,0,0,0,0,0,0,0,0
12,3,37,4,8,t,r,n,f,q,s,d,1,1,0,0,0,0,0,0,0,0,0,v,1,0,0,0,0,0,0,0,0,0,0,0
13,1,14,6,7,t,r,q,f,j,s,d,0,1,0,0,0,0,0,0,0,0,0,v,1,0,0,0,0,0,0,0,0,0,0,0
14,3,16,17,7,t,r,n,f,q,t,d,0,1,0,0,0,0,0,0,0,0,0,v,1,0,0,0,0,0,0,0,0,0,0,0
15,2,18,11,6,t,r,n,f,q,s,d,1,0,0,0,0,0,1,1,0,0,0,v,1,0,0,0,0,0,0,0,0,0,0,0
16,4,89,18,10,t,r,x,f,x,s,d,0,0,0,0,1,0,0,0,0,0,0,v,1,0,0,0,0,0,0,0,0,0,0,0
17,2,24,6,5,t,r,q,f,q,t,d,0,1,0,0,0,0,0,0,0,0,0,v,1,0,0,0,0,0,0,0,0,0,0,0
18,3,8,7,6,n,r,q,f,x,s,d,0,1,0,0,0,0,0,0,0,0,0,v,1,0,0,0,0,0,0,0,0,0,0,0
19,1,4,4,2,t,r,n,f,j,t,d,0,0,0,0,1,0,0,0,0,0,0,v,1,0,0,0,0,0,0,0,0,0,0,0
20,2,8,9,7,t,r,q,f,q,s,d,0,1,0,0,1,0,0,0,0,0,0,v,2,0,0,0,0,0,0,0,0,0,0,0
21,3,5,5,10,t,i,x,m,s,j,d,0,0,0,0,1,0,0,0,0,0,0,v,1,0,0,0,0,0,0,0,0,0,0,0
22,2,15,3,6,t,r,q,f,q,s,d,0,1,0,0,0,0,1,0,0,0,0,w,0,0,0,0,0,0,0,0,0,0,0,0
23,3,36,19,2,t,r,q,f,x,s,d,0,0,0,1,1,0,1,0,0,0,0,v,1,0,0,0,0,0,0,0,0,0,0,0
24,1,1,7,3,t,r,q,f,j,t,d,0,1,0,0,0,0,1,0,0,0,0,v,0,0,0,0,0,0,0,0,0,0,0,0
25,2,14,5,6,n,r,n,f,q,t,d,0,1,0,0,0,0,1,0,0,0,0,v,1,0,0,0,0,0,0,0,0,0,0,0
26,3,20,11,7,t,r,q,f,x,j,d,0,1,0,0,1,0,1,0,0,0,1,v,1,0,0,0,0,0,0,0,0,0,0,0
27,2,4,5,6,t,r,q,f,x,s,d,1,1,0,0,0,0,0,0,0,0,0,v,1,0,0,0,0,0,0,0,0,0,0,0
28,3,3,19,10,t,i,x,v,s,s,d,0,0,0,0,0,0,0,0,1,0,0,v,0,0,0,0,0,0,0,0,0,0,0,0
29,2,22,10,6,t,r,n,f,q,s,d,0,1,0,0,0,0,0,0,0,0,0,v,1,0,0,0,0,0,0,0,0,0,0,0
30,3,20,10,10,t,r,n,f,s,s,d,0,0,0,0,1,0,0,0,0,1,0,v,1,1,0,0,0,0,0,0,0,0,0,0
31,2,12,9,6,t,u,x,v,s,s,d,1,0,0,0,0,1,0,0,0,0,0,v,2,1,0,0,0,1,0,0,0,0,0,0
32,2,3,16,10,t,i,x,v,s,t,d,0,0,0,0,0,0,0,0,0,0,0,v,0,1,0,1,0,0,0,0,0,0,0,0
33,2,20,3,5,t,r,n,f,q,s,d,1,1,0,0,1,0,1,0,0,0,0,v,0,0,0,0,0,0,0,0,0,0,0,0
34,2,17,5,6,t,r,q,f,q,s,d,0,1,0,0,0,0,1,0,0,0,0,v,1,0,0,0,0,0,0,0,0,0,0,0
35,1,8,9,3,t,u,x,v,j,s,d,0,0,0,1,0,1,0,0,0,0,0,a,1,1,0,0,1,0,0,0,1,0,0,0
36,2,11,7,6,t,r,q,f,q,s,d,0,1,0,0,0,0,0,0,0,0,0,v,1,0,0,0,0,0,0,0,0,0,0,0
37,2,21,4,4,t,r,q,f,q,s,d,0,1,0,0,0,0,0,0,0,0,0,v,1,0,0,0,0,0,0,0,0,0,0,0
38,2,24,10,4,t,r,n,f,q,s,d,0,1,0,0,0,0,0,0,0,0,0,v,1,0,0,0,0,0,0,0,0,0,0,0
39,2,13,6,6,t,r,n,f,q,s,d,0,1,0,0,0,0,0,0,0,0,0,v,1,0,0,0,0,0,0,0,0,0,0,0
40,2,23,10,4,t,r,q,f,q,s,d,0,1,0,0,0,0,0,0,0,0,0,v,1,0,0,0,0,0,0,0,0,0,0,0
41,2,6,9,6,t,r,n,f,q,t,d,0,1,0,0,0,0,0,0,0,0,0,v,1,1,0,0,0,0,0,0,0,0,0,0
42,4,37,8,10,t,r,n,f,q,o,d,0,0,0,0,1,0,1,0,0,0,0,v,1,0,0,0,0,0,0,0,0,0,0,0
43,2,14,11,7,t,r,n,f,x,s,d,0,0,0,0,0,1,0,0,0,0,0,v,1,1,0,0,1,0,0,0,0,0,0,0
44,2,0,10,6,t,r,q,f,x,s,d,1,0,0,1,1,0,0,0,0,1,0,v,1,0,0,0,0,0,0,0,0,0,0,0
45,1,22,9,4,t,r,q,f,x,s,d,0,1,0,0,0,1,0,0,0,0,0,v,1,0,0,0,0,0,0,0,0,0,0,0
46,2,14,5,4,n,r,n,f,q,s,d,0,1,0,0,0,0,0,0,0,0,0,v,1,1,0,0,0,0,0,0,0,0,0,0
47,2,21,6,5,t,w,q,f,q,s,d,0,0,0,0,0,0,1,1,0,0,0,v,1,0,0,0,0,0,0,0,0,0,0,0
48,2,2,6,6,t,u,n,f,x,s,d,1,0,0,0,0,0,0,0,0,0,0,v,0,1,0,0,1,0,0,0,0,0,0,0
49,6,8,13,13,n,i,x,v,s,s,d,0,0,0,0,1,0,0,0,0,1,0,v,0,1,0,1,0,0,0,0,0,0,0,0
50,3,57,15,7,t,r,n,f,q,s,d,1,1,0,0,1,0,0,0,0,0,0,v,1,0,0,0,0,0,0,0,0,0,0,0
51,2,6,6,4,t,r,q,f,q,s,d,0,1,0,0,0,0,0,0,0,0,0,v,1,0,0,0,0,0,0,0,0,0,0,0
52,3,20,6,6,t,r,q,f,q,j,d,0,1,0,0,1,0,1,0,0,0,0,v,1,0,0,0,0,0,0,0,0,0,0,0
53,2,21,5,4,t,r,n,f,q,t,d,0,1,0,0,1,0,1,0,0,0,0,v,1,0,0,0,0,0,0,0,0,0,0,0
54,3,40,10,6,t,r,n,f,q,s,d,0,1,0,0,0,0,0,0,0,0,0,v,1,0,0,0,0,0,0,0,0,0,0,0
55,2,0,7,5,t,r,n,v,q,s,d,0,1,0,0,0,0,1,0,0,0,0,v,1,1,0,0,0,0,0,0,0,0,0,1
56,2,22,5,5,t,r,n,m,q,t,d,0,1,0,0,0,0,0,0,0,0,0,v,1,1,0,0,0,0,0,0,0,0,0,0
57,1,10,11,3,t,u,n,z,j,s,d,0,0,0,0,0,1,0,0,0,0,0,a,0,0,0,0,0,0,0,0,0,0,0,0
58,2,17,10,4,t,r,n,f,x,s,d,0,1,0,0,0,0,0,0,0,0,0,v,1,1,1,0,0,0,0,0,0,0,0,0
59,2,21,7,6,t,r,n,f,q,s,d,0,1,0,0,1,0,1,0,0,0,0,v,1,0,0,0,0,0,0,0,0,0,0,0
60,2,18,3,4,t,r,n,f,q,s,q,0,1,0,0,0,0,0,0,0,0,0,v,1,0,0,0,0,0,0,0,0,0,0,0
61,3,20,5,5,t,r,n,f,x,s,d,0,1,0,0,0,0,1,0,0,0,0,v,1,1,0,0,0,0,0,1,0,0,0,0
62,2,5,10,6,t,r,n,f,x,s,d,0,0,0,0,1,0,0,0,0,0,0,v,1,0,0,0,0,0,0,0,0,0,0,0
63,1,4,10,4,n,r,n,f,q,s,d,0,1,0,0,1,0,0,0,0,0,0,v,1,0,0,0,0,0,0,0,0,0,0,0
64,2,17,19,6,t,i,x,v,s,j,d,0,0,0,0,0,0,0,0,0,0,0,v,7,1,0,0,0,0,0,0,0,0,0,0
65,2,17,9,4,t,r,n,f,q,t,d,0,1,0,0,0,0,0,0,0,0,0,v,0,0,0,0,0,0,0,0,0,0,0,0
66,2,10,5,4,t,r,n,f,x,s,d,0,1,0,0,0,0,1,0,0,0,0,v,1,0,0,0,0,0,0,0,0,0,0,0
67,1,20,7,3,t,i,x,v,j,s,d,0,0,0,0,1,0,0,0,0,0,0,a,1,0,0,0,0,0,0,0,0,0,0,0
68,1,1,3,3,t,r,n,f,j,s,d,0,1,0,0,0,0,0,0,0,0,0,v,1,0,0,0,0,0,0,0,0,0,0,0
69,2,23,6,4,t,r,n,f,q,s,d,0,1,0,0,0,0,0,0,0,0,0,v,0,0,0,0,0,0,0,0,0,0,0,0
70,3,12,14,10,t,i,x,v,s,s,d,0,0,0,0,1,0,0,0,0,0,0,v,0,0,0,0,0,0,0,0,0,0,0,0
71,2,24,5,4,t,r,n,f,q,s,d,1,0,0,0,0,0,0,0,0,0,1,v,1,0,0,0,0,0,0,0,0,0,0,0
72,1,10,12,2,t,u,x,v,j,s,d,0,0,0,0,0,1,0,0,0,0,0,v,1,1,0,0,1,0,1,0,0,0,0,0
73,2,7,5,4,t,u,q,x,x,s,d,0,1,0,0,0,0,0,0,0,0,0,v,1,0,0,0,0,0,0,0,0,0,0,0
74,2,10,7,5,t,r,q,f,q,t,d,0,1,0,0,0,0,0,0,0,0,0,v,1,1,0,0,0,0,0,0,0,0,0,0
75,1,0,15,3,t,i,x,v,j,s,q,0,0,0,0,0,0,0,0,0,0,0,v,1,1,0,1,0,0,0,0,0,0,0,0
76,4,80,2,7,t,r,n,f,q,j,d,0,0,0,0,1,0,0,0,0,0,0,v,1,0,0,0,0,0,0,0,0,0,0,0
77,1,11,12,3,t,u,x,v,j,j,d,0,0,0,0,0,1,0,0,0,0,0,v,0,1,0,0,1,0,0,0,0,0,0,0
78,3,39,8,7,t,r,n,f,q,t,d,0,1,0,0,0,0,0,0,0,0,0,v,1,0,0,0,0,0,0,0,0,0,0,0
79,1,15,5,3,t,r,n,x,j,s,d,0,1,0,0,1,0,0,0,0,0,0,v,0,1,0,0,0,0,0,1,0,0,0,0
80,2,15,5,5,t,r,q,f,q,s,d,0,1,0,0,0,0,1,0,0,0,0,v,1,0,0,0,0,0,0,0,0,0,0,0
81,2,9,4,4,t,r,q,f,q,s,d,1,0,0,0,0,0,0,0,0,0,0,w,1,1,1,0,0,0,0,0,0,0,0,0
82,2,2,10,5,t,r,n,f,q,t,d,0,1,0,0,0,0,0,0,0,0,0,v,1,0,0,0,0,0,0,0,0,0,0,0
83,1,12,4,3,t,u,n,f,j,s,d,0,0,0,0,0,0,0,0,0,0,0,v,0,0,0,0,0,0,0,0,0,0,0,0
84,2,34,6,6,t,r,n,f,q,s,d,0,0,0,0,0,0,0,0,0,0,0,v,0,0,0,0,0,0,0,0,0,0,0,0
85,3,14,5,4,t,r,n,f,x,s,d,0,0,0,0,1,0,0,0,0,0,0,v,0,0,0,0,0,0,0,0,0,0,0,0
86,3,38,3,5,t,r,n,f,q,s,d,0,1,0,0,0,0,0,0,0,0,0,v,2,0,0,0,0,0,0,0,0,0,0,0
87,5,13,9,11,t,i,x,v,s,s,d,0,0,0,0,1,1,0,0,0,0,0,v,1,1,0,1,0,0,0,0,0,0,0,0
88,2,10,5,4,t,r,n,f,q,s,d,0,1,0,0,0,0,0,0,0,0,0,v,1,0,0,0,0,0,0,0,0,0,0,0
89,3,6,16,4,t,r,q,v,q,s,d,0,0,0,0,1,0,1,0,0,0,0,v,1,0,0,0,0,0,0,0,0,0,0,0
90,2,23,8,5,t,w,n,f,q,s,d,0,0,0,0,0,0,1,1,0,0,0,a,1,0,0,0,0,0,0,0,0,0,0,0
91,2,12,15,5,t,r,q,f,q,t,d,0,0,0,0,1,0,0,0,0,0,0,v,1,0,0,0,0,0,0,0,0,0,0,0
92,3,3,3,4,t,r,x,f,j,s,d,0,0,0,0,1,0,1,0,0,0,0,v,1,0,0,0,0,0,0,0,0,0,0,0
93,2,11,5,4,t,r,n,f,q,s,d,0,1,0,0,1,0,1,0,0,0,0,v,1,0,0,0,0,0,0,0,0,0,0,0
94,1,10,6,6,t,r,n,f,j,s,d,0,1,0,0,0,0,0,0,0,0,0,w,0,0,0,0,0,0,0,0,0,0,0,0
95,1,12,5,4,o,r,n,f,x,s,d,0,1,0,0,0,0,0,0,0,0,0,v,1,0,0,0,0,0,0,0,0,0,0,0
96,2,3,6,5,t,u,q,f,q,s,d,0,1,0,1,0,1,0,0,0,0,0,v,1,0,0,0,0,0,0,0,0,0,0,0
97,2,13,5,6,t,r,q,f,q,s,d,0,1,0,0,0,0,0,0,0,0,0,v,1,0,0,0,0,0,0,0,0,0,0,0
98,2,6,5,4,n,r,n,f,q,s,d,1,1,0,0,0,0,1,0,0,0,0,v,1,0,0,0,0,0,0,0,0,0,0,0
99,2,0,15,6,t,i,x,v,s,s,d,0,0,0,0,0,1,0,0,0,0,0,v,1,1,0,0,1,1,0,0,0,0,0,0
100,3,21,9,6,t,r,q,f,q,s,d,0,1,0,0,1,0,0,0,0,0,0,a,1,0,0,0,0,0,0,0,0,0,0,0
101,1,11,9,3,n,u,q,v,j,s,d,0,0,0,0,0,0,0,0,0,0,0,v,0,0,0,0,0,0,0,0,0,0,0,0
102,4,97,4,10,t,r,n,f,q,o,d,0,0,0,0,1,0,0,0,0,0,0,v,1,0,0,0,0,0,0,0,0,0,0,0
103,2,10,3,4,t,r,n,f,q,t,d,0,1,0,0,0,0,1,0,0,0,0,v,1,0,0,0,0,0,0,0,0,0,0,0
104,2,25,5,6,t,r,q,f,q,t,d,0,1,0,0,0,0,1,0,0,0,0,v,1,0,0,0,0,0,0,0,0,0,0,0
105,3,37,5,4,t,r,q,f,x,s,d,0,1,0,1,0,0,1,0,0,0,0,a,4,0,0,0,0,0,0,0,0,0,0,0
106,2,31,6,6,n,r,q,f,q,s,d,0,1,0,0,0,0,0,0,0,0,0,v,1,0,0,0,0,0,0,0,0,0,0,0
107,2,20,9,6,t,u,n,f,q,s,u,0,1,0,0,0,0,0,0,0,0,0,v,1,0,0,0,0,0,0,0,0,0,0,0
108,2,19,9,4,t,r,n,f,q,t,d,0,1,0,0,0,0,1,1,0,0,0,w,1,0,0,0,0,0,0,0,0,0,0,0
109,2,16,3,4,t,r,n,f,q,s,d,0,1,0,0,0,0,1,0,0,0,0,v,1,1,0,0,0,0,0,0,0,0,0,0
110,2,43,5,4,n,r,q,f,q,s,d,0,1,0,0,1,0,0,0,0,0,0,v,1,0,0,0,0,0,0,0,0,0,0,0
111,3,37,8,6,t,r,n,f,q,s,d,0,1,0,0,0,0,1,0,0,0,1,v,1,0,0,0,0,0,0,0,0,0,0,0
112,1,13,12,2,t,u,x,v,j,s,d,0,0,0,0,0,0,0,0,0,1,0,v,0,1,0,1,0,0,0,0,0,0,0,0
113,2,39,5,6,t,r,q,f,q,t,d,0,1,0,0,0,0,0,0,0,0,0,v,1,0,0,0,0,0,0,0,0,0,0,0
114,2,13,7,6,t,r,q,f,q,s,d,0,1,0,0,0,0,1,0,0,0,0,v,2,0,0,0,0,0,0,0,0,0,0,0
115,2,8,10,4,t,r,n,f,q,s,d,0,1,0,0,0,0,0,0,0,0,0,a,1,1,1,0,0,0,0,0,0,0,0,0
116,3,13,13,10,t,i,x,v,s,s,d,0,0,0,0,0,0,0,0,0,0,0,v,1,1,0,1,0,0,0,0,0,0,0,0
117,3,41,9,6,t,r,q,f,q,t,d,1,1,0,0,0,0,0,0,0,0,0,v,1,1,0,0,0,0,0,0,0,0,0,1
118,1,6,2,3,t,r,q,f,j,s,d,0,1,0,0,0,0,0,0,0,0,0,v,1,0,0,0,0,0,0,0,0,0,0,0
119,2,15,5,6,t,r,q,f,q,s,d,0,0,0,0,1,0,0,0,0,0,0,v,1,0,0,0,0,0,0,0,0,0,0,0
120,2,10,5,4,t,r,n,f,q,s,d,0,0,0,0,0,0,0,0,0,0,0,v,1,0,0,0,0,0,0,0,0,0,0,0
121,1,9,10,4,n,w,q,f,j,s,d,0,0,0,0,1,0,0,0,0,0,0,v,1,0,0,0,0,0,0,0,0,0,0,0
122,4,90,14,10,t,r,q,f,q,j,d,0,0,0,0,1,0,0,0,0,0,0,v,2,0,0,0,0,0,0,0,0,0,0,0
123,2,5,5,6,t,u,x,f,q,s,d,0,1,0,0,0,0,0,0,0,0,0,v,0,0,0,0,0,0,0,0,0,0,0,0
124,3,23,2,6,t,r,q,f,q,t,d,0,1,0,0,0,0,0,0,0,0,0,v,1,0,0,0,0,0,0,0,0,0,0,0
125,2,18,4,4,t,r,q,f,q,s,d,0,1,0,0,1,0,1,1,0,0,0,v,1,0,0,0,0,0,0,0,0,0,0,0
126,2,20,6,4,t,r,q,f,q,s,d,0,1,0,0,0,0,0,0,0,0,0,w,1,0,0,0,0,0,0,0,0,0,0,0
127,2,13,8,6,t,r,q,f,q,s,d,0,1,0,0,1,0,1,0,0,0,0,v,1,0,0,0,0,0,0,0,0,0,0,0
128,2,22,5,6,t,u,n,f,s,s,d,0,0,0,0,0,0,0,0,0,0,1,v,0,0,0,0,0,0,0,0,0,0,0,0
129,4,109,11,10,t,r,q,f,x,o,d,1,1,0,0,1,0,0,0,0,0,0,v,1,0,0,0,0,0,0,0,0,0,0,0
130,3,30,6,7,t,r,n,f,q,s,d,0,1,0,0,1,0,0,0,0,0,0,v,1,0,0,0,0,0,0,0,0,0,0,0
131,2,14,5,7,t,r,n,f,q,t,d,0,0,0,0,0,0,0,0,0,0,0,v,1,0,0,0,0,0,0,0,0,0,0,0
132,1,23,5,2,t,r,n,f,j,s,d,0,0,0,0,1,0,0,0,0,0,0,v,0,0,0,0,0,0,0,0,0,0,0,0
133,3,28,6,5,t,r,q,f,q,s,d,0,1,0,0,0,0,0,0,0,0,0,v,1,0,0,0,0,0,0,0,0,0,0,0
134,2,14,11,5,t,r,q,f,q,s,d,0,1,0,0,0,0,1,0,0,0,0,v,0,0,0,0,0,0,0,0,0,0,0,0
135,2,9,6,4,t,r,q,f,q,s,d,0,1,0,0,1,0,1,0,0,0,0,v,0,1,0,0,0,0,0,0,0,0,0,0
136,4,30,5,5,t,r,n,f,q,j,d,1,1,0,0,0,0,1,0,0,0,0,v,1,0,0,0,0,0,0,0,0,0,0,0
137,2,13,10,4,t,r,q,f,q,s,d,0,1,0,0,0,0,0,0,0,0,0,v,1,0,0,0,0,0,0,0,0,0,0,0
138,2,13,8,7,t,r,n,f,q,s,d,0,1,0,0,0,0,0,0,0,0,0,v,1,0,0,0,0,0,0,0,0,0,0,0
139,3,39,6,5,t,r,q,f,q,s,d,0,1,0,0,0,0,0,0,0,0,0,v,0,0,0,0,0,0,0,0,0,0,0,0
140,2,0,10,4,t,i,n,v,x,s,q,0,0,0,0,0,0,1,0,1,0,0,v,0,1,0,0,0,0,0,0,0,0,0,0
141,2,3,11,6,t,r,n,f,q,s,d,0,1,0,0,0,0,0,0,1,0,0,v,0,0,0,0,0,0,0,0,0,0,0,0
142,2,12,8,7,t,r,q,f,q,s,d,0,1,0,0,0,0,0,0,0,0,0,v,1,1,0,0,0,0,0,0,0,0,0,1
143,2,3,10,5,t,r,n,f,q,s,d,0,1,0,0,0,0,0,0,0,0,0,v,0,1,0,0,0,0,0,0,0,0,0,0
144,3,3,5,5,t,r,q,x,q,s,d,0,1,0,0,1,0,0,0,0,0,0,v,0,0,0,0,0,0,0,0,0,0,0,0
145,2,14,10,6,t,u,n,f,q,s,d,0,0,0,1,0,0,0,0,1,0,0,v,1,0,0,0,0,0,0,0,0,0,0,0
146,3,15,5,7,t,r,q,f,q,s,d,1,1,1,0,1,0,1,0,0,0,1,v,1,0,0,0,0,0,0,0,0,0,0,0
147,2,5,7,7,t,r,n,f,q,s,d,1,0,0,0,1,0,1,1,0,0,0,a,2,1,0,0,0,0,0,0,0,0,0,0
148,2,7,5,4,t,r,q,f,q,s,d,1,1,0,0,0,0,1,0,0,0,0,v,1,0,0,0,0,0,0,0,0,0,0,0
149,2,7,9,5,t,r,n,x,x,s,d,1,0,0,0,1,0,1,0,0,0,0,v,1,0,0,0,0,0,0,0,0,0,0,0
150,2,6,5,5,t,r,q,f,q,s,d,0,1,0,0,1,0,0,0,0,0,0,v,0,0,0,0,0,0,0,0,0,0,0,0
151,3,2,16,10,t,i,x,v,s,s,d,0,0,0,0,0,0,0,0,0,0,0,v,1,1,0,0,1,0,0,0,0,0,0,0
152,2,11,5,4,t,r,q,f,q,s,d,0,1,0,0,0,0,0,0,0,0,0,v,1,0,0,0,0,0,0,0,0,0,0,0
153,1,15,5,3,t,r,q,f,j,s,d,0,1,0,0,0,1,0,0,0,0,0,v,1,0,0,0,0,0,0,0,0,0,0,0
154,5,12,15,10,t,i,x,v,s,j,d,0,0,0,0,0,0,0,0,1,0,0,v,1,1,0,0,1,0,0,0,0,0,0,0
155,3,23,6,6,n,r,n,f,j,s,d,0,1,0,0,0,0,0,0,0,0,0,v,6,0,0,0,0,0,0,0,0,0,0,0
156,1,11,13,3,t,r,x,f,j,s,d,0,0,0,0,0,1,0,0,0,0,0,v,1,0,0,0,0,0,0,0,0,0,0,0
157,1,13,6,3,n,u,n,f,j,s,d,0,1,0,0,0,0,0,0,0,0,0,v,1,0,0,0,0,0,0,0,0,0,0,0
158,2,20,5,10,t,r,q,x,x,t,d,0,0,0,0,1,0,0,0,0,0,0,v,1,1,0,1,0,0,0,0,0,0,0,0
159,2,14,10,6,n,r,n,f,q,s,d,0,1,0,0,0,0,0,0,0,0,0,v,1,0,0,0,0,0,0,0,0,0,0,0
160,2,3,12,4,t,r,q,f,q,s,d,0,1,0,0,0,0,0,0,0,0,0,v,0,0,0,0,0,0,0,0,0,0,0,0
161,2,41,5,5,t,r,n,x,q,s,d,0,1,0,0,0,0,0,0,0,0,0,v,1,0,0,0,0,0,0,0,0,0,0,0
162,2,15,6,4,t,u,n,f,q,s,d,0,1,0,0,0,0,0,0,0,0,0,v,1,0,0,0,0,0,0,0,0,0,0,0
163,1,3,11,3,t,u,x,v,j,s,d,0,0,0,0,0,1,0,0,0,0,0,v,1,0,0,0,0,0,0,0,0,0,0,0
164,3,6,5,4,n,r,q,f,q,s,d,0,0,0,0,0,0,0,0,0,0,0,v,1,0,0,0,0,0,0,0,0,0,0,0
165,2,10,5,4,t,r,n,f,q,s,d,0,1,0,0,0,0,0,0,0,0,0,v,1,0,0,0,0,0,0,0,0,0,0,0
166,3,7,19,10,t,i,q,v,q,t,d,0,0,0,0,0,0,0,0,0,0,0,v,1,1,0,0,0,0,0,0,0,1,0,0
167,2,20,35,10,t,i,x,v,s,j,m,0,0,0,0,0,1,0,0,0,0,0,v,0,1,0,0,0,0,0,0,0,0,0,0
168,2,24,6,4,t,r,n,f,q,s,d,0,1,0,0,0,0,0,0,0,0,0,v,1,0,0,0,0,0,0,0,0,0,0,0
169,3,26,14,6,t,r,q,f,q,t,d,0,1,0,0,0,0,0,0,0,0,0,v,1,0,0,0,0,0,0,0,0,0,0,0
170,2,3,9,6,n,r,n,f,q,s,d,0,1,0,0,0,0,0,0,0,0,0,v,1,0,0,0,0,0,0,0,0,0,0,0
171,2,11,6,7,t,r,q,f,q,s,d,0,1,0,0,0,0,0,0,0,0,0,v,1,0,0,0,0,0,0,0,0,0,0,0
172,3,37,13,4,t,r,n,f,q,s,d,0,1,0,0,0,0,0,0,0,0,0,v,1,0,0,0,0,0,0,0,0,0,0,0
173,2,16,6,4,t,r,n,f,x,t,d,0,1,0,0,0,0,0,0,0,0,0,v,1,0,0,0,0,0,0,0,0,0,0,0
174,2,19,5,6,t,r,q,f,q,t,d,0,1,0,0,1,0,1,0,0,0,0,v,1,1,1,0,0,0,0,0,0,0,0,0
175,3,13,13,10,t,u,n,f,s,s,d,0,0,0,0,0,0,0,0,0,0,0,v,1,1,0,0,0,0,0,0,1,0,0,0
176,2,28,4,6,t,r,n,f,q,s,d,0,1,0,0,1,0,0,0,0,0,0,v,5,0,0,0,0,0,0,0,0,0,0,0
177,3,19,8,6,t,r,q,f,q,s,d,1,1,0,0,1,0,1,0,0,0,0,v,1,0,0,0,0,0,0,0,0,0,0,0
178,3,19,8,4,t,r,x,f,q,s,d,0,1,0,0,0,0,0,0,0,0,0,v,1,0,0,0,0,0,0,0,0,0,0,0
179,3,5,5,5,t,u,q,f,q,t,d,0,1,0,0,1,0,0,0,0,0,0,v,1,0,0,0,0,0,0,0,0,0,0,0
180,2,15,8,6,t,r,n,f,q,s,d,0,1,0,0,1,0,1,1,0,0,0,v,1,0,0,0,0,1,0,0,0,0,0,0
181,3,15,10,6,t,r,q,f,q,s,d,0,1,0,0,0,0,0,0,0,0,0,v,1,0,0,0,0,0,0,0,0,0,0,0
182,2,23,16,7,t,r,q,f,q,t,d,0,0,0,0,1,0,0,0,0,0,0,v,1,0,0,0,0,0,0,0,0,0,0,0
183,3,30,14,8,t,r,q,f,q,s,d,0,1,0,0,1,0,0,0,0,0,0,v,1,0,0,0,0,0,0,0,0,0,0,0
184,2,22,6,6,t,r,q,f,q,s,d,0,1,0,0,0,0,1,0,0,0,0,v,1,0,0,0,0,0,0,0,0,0,0,0
185,1,26,8,2,n,r,n,f,j,s,d,0,1,0,0,0,0,0,0,0,0,0,w,1,0,0,0,0,0,0,0,0,0,0,0
186,5,116,4,5,t,r,n,f,q,s,d,0,1,0,0,1,0,0,0,0,0,0,v,1,0,0,0,0,0,0,0,0,0,0,0
187,2,13,12,5,t,r,q,f,x,s,d,1,0,0,0,1,0,0,0,0,0,0,v,1,0,0,0,0,0,0,0,0,0,0,0
188,2,7,5,5,t,r,n,f,q,t,d,0,1,0,0,0,0,0,0,0,0,0,v,1,0,0,0,0,0,0,0,0,0,0,0
189,3,23,5,6,t,r,n,f,j,s,d,0,1,0,0,1,0,0,0,0,0,0,v,1,0,0,0,0,0,0,0,0,0,0,0
190,2,21,5,4,t,r,q,f,q,s,d,0,1,0,0,0,0,0,0,0,0,0,v,1,0,0,0,0,0,0,0,0,0,0,0
191,1,13,6,6,t,r,q,f,q,s,d,0,1,0,0,0,0,0,0,0,0,0,v,1,0,0,0,0,0,0,0,0,0,0,0
192,2,8,12,4,t,w,n,f,x,s,d,0,0,0,0,1,1,1,0,0,0,1,v,1,1,0,1,0,0,0,0,0,0,0,0
193,3,12,5,5,t,r,n,f,q,j,d,0,1,1,0,0,0,0,0,0,0,0,v,1,0,0,0,0,0,0,0,0,0,0,0
194,1,11,5,3,o,u,q,f,j,s,d,0,0,0,0,0,0,1,0,0,0,0,v,1,0,0,0,0,0,0,0,0,0,0,0
195,2,24,7,6,t,r,q,f,q,j,d,0,1,0,0,1,0,1,0,0,0,0,v,1,0,0,0,0,0,0,0,0,0,0,0
196,2,20,9,4,t,r,n,f,j,s,d,1,1,1,0,0,0,1,0,0,0,0,v,1,1,1,0,0,0,0,0,0,0,0,0
197,2,19,11,5,t,r,n,f,x,s,d,0,1,0,0,0,0,0,0,0,0,0,v,1,0,0,0,0,0,0,0,0,0,0,0
198,3,41,5,5,t,r,q,f,q,s,d,0,1,0,0,0,0,0,0,0,0,0,v,1,0,0,0,0,0,0,0,0,0,0,0
199,3,21,6,6,t,r,q,f,q,s,d,1,0,0,0,1,0,0,0,0,0,0,v,1,0,0,0,0,0,0,0,0,0,0,0
200,2,22,7,5,t,r,n,f,q,s,d,0,1,0,0,1,0,1,0,0,0,0,v,1,0,0,0,0,0,0,0,0,0,0,0
201,1,4,9,2,t,r,q,f,j,s,d,1,0,0,0,0,0,0,0,0,0,0,w,1,0,0,0,0,0,0,0,0,0,0,0
202,1,30,5,4,t,r,q,f,j,s,d,0,1,0,0,0,0,0,0,0,0,0,v,1,0,0,0,0,0,0,0,0,0,0,0
203,1,19,9,4,t,r,n,f,q,s,d,0,1,0,0,0,0,0,0,0,0,0,v,1,0,0,0,0,0,0,0,0,0,0,0
204,1,18,4,3,t,r,n,f,j,s,d,0,1,0,0,0,0,0,0,0,0,0,v,2,0,0,0,0,0,0,0,0,0,0,0
205,3,11,7,4,t,r,n,f,q,s,d,0,1,0,0,0,0,1,0,0,0,0,v,1,0,0,0,0,0,0,0,0,0,0,0
206,3,6,18,10,t,i,x,v,s,j,d,0,0,0,0,0,0,0,0,1,1,1,v,1,1,0,0,0,0,0,0,0,0,0,0
207,1,2,3,3,t,u,x,x,j,s,d,0,0,0,0,0,1,0,0,0,0,0,v,0,0,0,0,0,0,0,0,0,0,0,0
208,2,26,4,4,t,r,n,f,q,s,d,0,1,0,0,0,0,0,0,0,0,0,a,1,0,0,0,0,0,0,0,0,0,0,0
209,2,18,5,6,t,r,n,f,x,s,d,1,1,0,0,1,0,1,0,0,0,0,v,1,1,1,0,0,0,0,0,0,0,0,0
210,3,19,18,7,t,i,q,v,s,s,d,0,1,0,0,1,1,0,0,0,0,0,v,1,0,0,0,0,0,0,0,0,0,0,0
211,2,21,5,5,t,u,q,f,q,s,d,0,1,0,0,0,0,0,0,0,0,0,v,0,1,0,0,0,0,0,0,1,0,0,0
212,2,19,9,6,o,r,n,f,q,t,d,0,1,0,0,0,0,0,0,0,0,0,v,1,1,1,0,0,0,0,0,0,0,0,0
213,2,42,5,4,t,r,n,f,x,j,d,0,0,0,0,1,0,0,0,0,0,0,v,1,0,1,0,0,0,0,0,0,0,0,0
214,1,11,6,3,t,r,n,f,j,s,d,0,1,0,0,0,0,0,0,0,0,0,v,0,0,0,0,0,0,0,0,0,0,0,0
215,1,10,5,3,t,u,x,v,j,s,d,0,0,0,0,0,0,0,0,0,0,0,v,0,0,0,0,0,0,0,0,0,0,0,0
216,2,3,7,4,o,r,n,f,q,s,d,0,1,0,0,1,0,0,0,0,0,0,v,1,0,0,0,0,0,0,0,0,0,0,0
217,4,88,12,10,t,r,n,f,q,j,d,1,1,0,0,1,0,0,0,0,0,0,v,1,0,0,0,0,0,0,0,0,0,0,0
218,2,2,13,10,t,i,x,v,s,s,d,0,0,0,0,0,0,0,0,1,1,0,v,2,0,0,0,0,0,0,0,0,0,0,0
219,1,2,5,4,t,u,x,v,j,j,d,0,0,0,0,0,0,0,0,0,0,0,v,0,1,0,0,0,0,0,0,0,0,0,0
220,2,39,7,8,t,r,n,f,q,s,d,0,1,0,0,0,0,0,0,0,0,0,v,1,0,0,0,0,0,0,0,0,0,0,0
221,2,20,5,4,t,r,n,f,q,s,d,0,1,0,0,0,0,0,0,0,0,0,v,1,0,0,0,0,0,0,0,0,0,0,0
222,2,9,5,5,t,r,q,f,q,s,d,0,0,0,0,0,1,1,0,0,0,0,v,1,0,0,0,0,0,0,0,0,0,0,0
223,2,58,10,5,t,r,n,f,q,s,d,1,0,0,0,0,0,0,0,0,0,0,a,1,1,1,0,0,0,0,0,0,0,0,0
224,3,13,18,6,t,i,x,v,s,s,d,0,0,0,0,0,1,0,0,0,0,0,v,1,1,0,1,0,0,0,0,0,0,0,0
225,2,12,10,5,t,w,q,f,x,s,d,0,0,0,0,0,0,1,1,0,0,0,a,0,1,0,1,0,0,0,0,0,0,0,0
226,2,24,5,4,t,r,n,f,j,s,d,0,1,0,0,0,0,1,0,0,0,1,v,1,0,0,0,0,0,0,0,0,0,0,0
227,3,4,7,6,t,r,q,f,q,s,d,0,1,0,0,0,0,0,0,0,0,0,v,1,0,0,0,0,0,0,0,0,0,0,0
228,2,19,4,4,t,r,n,f,q,s,d,0,1,0,0,1,0,0,0,0,0,0,v,1,1,0,0,0,0,0,0,1,0,0,0
229,3,23,10,4,t,r,n,f,q,s,d,1,1,0,0,1,0,0,0,0,0,0,v,0,0,0,0,0,0,0,0,0,0,0,0
230,2,22,2,4,t,r,n,f,q,t,d,0,1,0,0,1,0,1,0,0,0,0,v,1,0,0,0,0,0,0,0,0,0,0,0
231,2,7,6,8,t,r,n,f,q,s,d,0,1,0,0,0,0,0,0,0,0,0,w,0,1,0,1,0,0,0,0,0,0,0,0
232,2,8,6,8,t,i,x,f,s,s,d,0,0,0,0,1,0,0,0,1,0,0,v,1,1,0,0,0,0,0,0,0,0,0,0
233,1,4,3,2,t,w,n,f,j,t,d,0,0,0,0,0,0,1,1,0,0,0,a,1,0,0,0,0,0,0,0,0,0,0,0
234,1,1,14,2,t,i,x,v,j,s,d,0,0,0,0,0,1,1,0,0,1,0,v,0,1,0,1,0,0,0,0,0,0,0,0
235,3,22,5,5,t,r,q,f,q,s,d,0,1,0,0,0,0,0,0,0,0,0,v,1,1,0,0,0,0,0,0,0,0,0,0
236,3,21,6,6,t,r,q,f,q,t,d,1,1,0,0,0,0,0,0,0,0,0,w,1,1,0,0,0,0,0,0,0,0,0,0
237,1,4,5,3,t,u,n,v,j,s,q,0,0,0,0,0,0,0,0,0,0,0,v,1,0,0,0,0,0,0,0,0,0,0,0
238,2,19,8,6,t,r,q,f,q,s,d,0,1,0,0,0,0,0,0,0,0,0,v,1,0,0,0,0,0,0,0,0,0,0,0
239,1,2,9,2,t,u,x,v,j,j,d,0,0,0,0,0,1,1,0,0,0,0,a,0,0,0,0,0,0,0,0,0,0,0,0
240,2,29,8,6,t,r,n,f,q,s,d,0,1,1,0,1,0,0,0,0,0,0,v,1,1,1,0,0,0,0,0,0,0,0,0
241,2,15,5,6,t,r,q,f,q,t,d,0,1,0,0,0,0,0,0,0,0,0,v,1,0,0,0,0,0,0,0,0,0,0,0
242,2,11,5,6,o,r,q,f,q,s,d,0,1,0,0,0,0,0,0,0,0,1,v,1,0,0,0,0,0,0,0,0,0,0,0
243,2,23,6,4,n,r,q,f,q,s,d,0,1,0,0,0,0,0,0,0,0,0,w,2,0,0,0,0,0,0,0,0,0,0,0
244,3,6,5,6,t,r,n,f,q,t,d,0,1,0,0,0,0,0,0,0,0,0,v,1,0,0,0,0,0,0,0,0,0,0,0
245,3,37,13,10,t,i,x,f,s,j,d,0,0,0,0,1,0,0,0,0,0,0,v,1,0,0,0,0,0,0,0,0,0,0,0
246,3,30,17,5,n,r,n,f,q,s,d,0,1,0,0,0,0,1,0,0,0,0,v,1,0,0,0,0,0,0,0,0,0,0,0
247,4,98,11,10,t,r,q,x,q,o,d,0,0,0,0,1,0,0,0,0,0,0,v,1,0,0,0,0,0,0,0,0,0,0,0
248,3,24,10,6,t,r,n,f,q,s,d,0,1,0,0,1,0,0,0,0,0,0,v,1,0,0,0,0,0,0,0,0,0,0,0
249,3,7,15,6,t,i,x,v,s,s,d,0,0,0,0,0,0,0,0,1,0,0,a,0,1,0,0,0,0,0,0,0,0,0,0
250,3,19,5,6,t,r,q,f,q,s,d,1,1,0,0,0,0,0,0,0,0,0,v,2,1,0,1,0,0,0,0,0,0,0,0
251,2,14,14,10,t,i,x,v,s,t,d,0,0,0,0,0,1,0,0,1,0,0,v,0,0,0,0,0,0,0,0,0,0,0,0
252,2,10,6,4,t,u,q,f,q,s,d,0,0,0,0,1,0,0,0,0,0,0,v,0,0,0,0,0,0,0,0,0,0,0,0
253,3,13,5,7,t,r,q,f,q,s,d,0,1,0,0,0,0,1,0,0,0,0,v,1,0,0,0,0,0,0,0,0,0,0,0
254,3,25,5,6,t,r,n,f,q,s,q,0,1,0,0,1,0,0,0,0,0,0,v,1,0,0,0,0,0,0,0,0,0,0,0
255,2,9,13,2,t,u,q,f,j,j,d,0,0,0,0,1,1,0,0,0,0,0,v,0,1,0,0,1,0,0,0,0,0,0,0
256,5,11,21,13,t,i,x,v,s,j,d,0,0,0,0,1,1,0,0,0,0,0,v,1,1,0,1,0,0,0,0,0,0,0,0
257,2,4,16,4,t,r,n,f,x,s,d,0,0,0,0,0,0,0,0,0,0,0,v,0,1,0,1,0,0,0,0,0,0,0,0
258,2,24,5,6,t,r,n,f,q,s,d,0,1,0,0,1,0,0,0,0,0,0,v,0,0,0,0,0,0,0,0,0,0,0,0
259,2,6,5,6,t,r,n,f,q,s,d,0,1,0,0,1,0,1,0,0,0,0,v,1,1,0,0,0,0,0,0,0,0,0,0
260,3,10,7,6,t,r,q,f,q,s,d,1,1,1,0,0,0,0,0,0,0,1,v,1,1,1,0,0,0,0,0,0,0,0,0
261,4,3,33,10,t,i,x,v,s,t,d,0,0,0,0,0,1,0,0,0,0,0,v,0,1,0,1,0,0,0,0,0,0,0,0
262,2,11,10,5,t,r,q,f,q,t,d,0,1,0,0,0,0,1,0,0,0,0,v,1,1,0,0,0,0,0,1,0,0,0,0
263,3,25,5,7,t,r,n,f,q,t,d,0,1,0,0,1,0,0,0,0,0,0,v,1,0,0,0,0,0,0,0,0,0,0,0
264,2,20,5,4,t,r,q,f,q,s,d,0,1,0,0,0,0,0,0,0,0,0,v,1,0,0,0,0,0,0,0,0,0,0,0
265,3,1,16,10,t,i,x,v,s,s,d,0,0,0,0,0,0,0,0,0,0,0,v,1,1,0,1,0,0,0,0,0,0,0,0
266,1,0,16,3,t,u,x,v,j,s,d,0,0,0,1,1,1,0,0,0,0,0,v,0,0,0,0,0,0,0,0,0,0,0,0
267,2,0,5,4,t,r,q,f,x,s,d,0,0,0,1,0,0,0,0,0,0,0,v,1,1,0,0,0,0,0,0,0,0,0,1
268,3,25,5,6,t,r,n,f,q,t,d,0,1,0,1,0,0,0,0,0,0,0,v,1,0,0,0,0,0,0,0,0,0,0,0
269,2,84,9,6,t,r,n,f,x,s,d,0,0,0,0,1,0,1,0,0,0,0,v,1,0,0,0,0,0,0,0,0,0,0,0
270,2,57,5,8,t,r,q,f,q,j,d,0,1,0,0,0,0,0,0,0,0,0,w,1,1,1,0,0,0,0,0,0,0,0,0
271,1,9,4,2,t,w,q,f,j,j,d,1,0,0,0,0,0,1,0,0,0,0,a,0,0,0,0,0,0,0,0,0,0,0,0
272,1,16,12,3,t,u,x,v,j,j,d,0,0,0,0,0,1,0,0,0,0,0,v,1,0,0,0,0,0,0,0,0,0,0,0
273,3,8,13,10,t,i,x,v,s,j,d,0,0,0,0,0,0,0,0,0,0,0,v,1,1,0,1,0,0,0,0,0,0,0,0
274,2,0,16,7,t,i,x,v,s,s,d,0,0,0,0,0,0,0,0,0,1,0,v,0,1,0,0,1,0,0,0,0,1,0,0
275,2,10,6,4,n,r,n,f,x,s,d,0,1,0,0,0,0,1,0,0,0,0,v,1,0,0,0,0,0,0,0,0,0,0,0
276,3,34,8,7,t,r,q,f,q,t,d,1,1,0,0,1,0,0,0,0,0,0,v,1,0,0,0,0,0,0,0,0,0,0,0
277,3,21,5,4,t,r,n,f,q,s,d,0,1,0,0,0,0,0,0,0,0,0,v,1,0,0,0,0,0,0,0,0,0,0,0
278,2,42,5,5,t,r,q,f,q,s,d,0,1,0,0,0,0,1,0,0,0,0,v,1,0,0,0,0,0,0,0,0,0,0,0
279,3,4,5,4,t,r,q,f,q,s,d,0,1,0,0,1,0,1,0,0,0,0,v,1,1,0,0,0,0,0,0,0,0,0,0
280,3,13,8,7,t,r,x,f,s,s,d,0,1,0,1,0,0,0,0,0,0,0,v,1,0,0,0,0,0,0,0,0,0,0,0
281,3,11,10,10,t,i,x,v,s,s,d,0,1,0,0,0,0,0,0,0,0,0,v,1,1,0,1,0,0,0,0,0,0,0,0
282,3,23,5,8,t,r,q,f,q,s,d,0,1,0,0,0,0,0,0,0,0,0,v,1,0,0,0,0,0,0,0,0,0,0,0
283,2,19,5,9,t,r,n,f,s,s,d,0,1,0,0,1,0,0,0,0,0,0,r,1,0,0,0,0,0,0,0,0,0,0,0
284,2,16,9,7,t,r,n,f,q,s,d,0,1,0,0,0,0,0,0,0,0,0,v,0,0,0,0,0,0,0,0,0,0,0,0
285,2,19,6,5,t,r,n,f,q,s,d,0,1,0,0,0,0,0,0,0,0,0,v,1,1,0,1,0,0,0,0,0,0,0,0
286,2,8,15,10,t,i,x,v,s,s,d,0,0,0,0,0,0,0,0,1,0,0,v,1,1,0,0,0,0,0,0,0,0,0,0
287,1,6,6,2,t,u,x,x,j,s,d,0,0,0,1,1,1,1,0,0,0,0,v,1,0,0,0,0,0,0,0,0,0,0,0
288,3,22,5,5,t,r,q,f,q,s,d,0,1,0,0,0,0,0,0,0,0,0,v,1,0,0,0,0,0,0,0,0,0,0,0
289,2,59,5,6,n,r,n,f,q,s,d,0,1,0,0,0,0,1,0,0,0,0,v,1,1,0,0,0,0,0,0,0,0,0,0
290,2,15,5,4,t,r,q,f,q,s,d,0,1,0,0,0,0,1,0,0,0,0,v,1,0,0,0,0,0,0,0,0,0,0,0
291,2,15,5,4,t,r,n,f,q,s,d,0,1,0,0,0,0,0,0,0,0,0,v,1,1,1,0,0,0,0,0,0,0,0,0
292,2,40,8,6,t,r,n,f,q,t,d,1,1,0,0,0,0,0,0,0,0,0,v,1,1,1,0,0,0,0,0,0,0,0,0
293,2,36,5,5,t,r,n,f,q,s,d,0,1,0,0,0,0,0,0,0,0,0,v,1,0,0,0,0,0,0,0,0,0,0,0
294,1,34,9,4,t,r,n,f,j,s,d,0,1,0,0,0,0,0,0,0,0,0,v,1,0,0,0,0,0,0,0,0,0,0,0
295,3,0,9,10,t,i,x,v,s,s,d,0,0,0,0,0,0,0,0,1,1,0,v,0,1,0,0,0,0,0,0,0,0,0,0
296,1,0,9,3,o,u,n,x,j,s,d,0,0,0,0,0,0,0,0,0,0,0,v,2,0,0,0,0,0,0,0,0,0,0,0
297,3,11,5,5,t,r,q,f,q,s,d,0,1,0,0,0,0,1,0,0,0,0,v,1,0,0,0,0,0,0,0,0,0,0,0
298,2,5,4,7,t,r,q,f,q,t,d,0,1,0,0,1,0,0,0,0,0,0,v,0,0,0,0,0,0,0,0,0,0,0,0
299,2,5,4,5,t,w,q,f,q,s,d,0,0,0,0,1,0,1,0,0,0,0,a,0,0,0,0,0,0,0,0,0,0,0,0
300,2,19,9,7,t,r,n,f,x,j,d,0,0,0,0,0,1,0,0,0,0,0,v,1,1,0,0,0,0,0,1,0,0,0,0
301,2,14,5,4,t,r,n,f,q,s,d,0,1,0,0,0,0,1,1,0,0,0,v,1,0,0,0,0,0,0,0,0,0,0,0
302,2,7,5,4,t,r,n,f,q,s,d,0,1,0,0,0,0,0,0,0,0,0,v,1,1,1,0,0,0,0,0,0,0,0,0
303,1,3,5,4,n,r,n,f,j,s,d,0,1,0,0,0,0,0,0,0,0,0,v,1,0,0,0,0,0,0,0,0,0,0,0
304,3,6,11,6,t,r,n,f,q,j,d,0,1,0,0,1,0,0,0,0,0,0,v,0,0,0,0,0,0,0,0,0,0,0,0
305,1,13,11,3,t,u,x,v,j,j,d,0,0,0,0,0,1,1,0,0,0,0,v,1,0,0,0,0,0,0,0,0,0,0,0
306,4,14,8,12,t,u,x,f,q,j,d,0,0,0,0,1,0,0,0,0,0,0,v,1,0,0,0,0,0,0,0,0,0,0,0
307,3,18,18,6,t,r,n,f,x,s,d,0,1,0,0,0,0,0,0,0,0,0,v,1,0,0,0,0,0,0,0,0,0,0,0
308,3,22,11,10,t,i,q,v,s,s,d,0,1,0,0,0,0,0,0,0,0,0,v,1,1,0,0,1,0,0,0,0,0,0,0
309,6,15,22,10,t,i,x,x,s,j,d,0,0,0,0,1,1,0,0,0,0,0,v,1,0,0,0,0,0,0,0,0,0,0,0
310,2,36,6,6,t,w,n,f,q,s,d,0,1,0,0,1,0,1,0,0,0,0,v,0,0,0,0,0,0,0,0,0,0,0,0
311,2,5,4,4,t,w,q,f,q,s,d,0,1,0,0,0,0,1,1,0,0,0,v,1,1,1,0,0,0,0,0,0,0,0,0
312,3,16,10,4,t,r,q,x,q,s,d,1,1,0,0,0,0,0,0,0,0,0,v,1,0,0,0,0,0,0,0,0,0,0,0
313,2,3,17,6,t,r,q,f,q,t,d,0,1,0,0,0,0,0,0,0,0,0,v,1,0,0,0,0,0,0,0,0,0,0,0
314,1,19,10,3,t,u,x,f,j,s,d,0,0,0,0,0,0,1,0,0,0,0,v,0,0,0,0,0,0,0,0,0,0,0,0
315,2,18,6,7,t,r,q,f,q,s,d,0,1,0,0,0,0,1,0,0,0,0,v,1,0,0,0,0,0,0,0,0,0,0,0
316,3,7,13,6,t,i,q,f,q,j,d,0,1,0,0,1,0,0,0,0,1,0,v,0,0,0,0,0,0,0,0,0,0,0,0
317,1,13,14,12,t,i,x,v,s,j,d,0,0,0,0,0,1,0,0,0,0,0,v,2,0,0,0,0,0,0,0,0,0,0,0
318,2,14,9,7,t,r,q,f,q,s,d,0,1,0,0,1,0,0,0,0,0,0,v,1,0,0,0,0,0,0,0,0,0,0,0
319,2,26,9,4,t,r,n,f,q,s,d,0,1,0,0,0,0,0,0,0,0,0,v,1,0,0,0,0,0,0,0,0,0,0,0
320,2,15,5,4,t,r,q,f,q,s,d,1,1,0,0,0,0,1,0,0,0,0,a,1,0,0,0,0,0,0,0,0,0,0,0
321,3,66,6,7,t,r,n,f,q,s,d,0,1,0,0,0,0,0,0,0,0,0,v,1,0,0,0,0,0,0,0,0,0,0,0
322,3,14,11,6,t,r,q,f,q,s,d,1,0,0,0,1,0,0,0,0,0,0,v,1,0,0,0,0,0,0,0,0,0,0,0
323,3,8,11,6,t,r,n,f,q,s,d,0,1,0,0,0,0,0,0,0,0,0,v,1,1,0,0,0,0,0,0,0,0,1,0
324,1,14,16,3,t,u,x,v,j,s,u,1,0,0,0,1,1,0,0,0,0,0,v,1,0,0,0,0,0,0,0,0,0,0,0
325,2,16,4,4,t,r,n,f,q,t,d,1,1,0,0,0,0,0,0,0,0,0,v,1,1,1,0,0,0,0,0,0,0,0,0
326,2,21,5,5,t,r,n,f,q,s,d,0,1,0,0,0,0,0,0,0,0,0,w,1,0,0,0,0,0,0,0,0,0,0,0
327,2,8,7,5,t,r,q,f,q,s,d,0,1,0,0,0,0,0,0,0,0,0,v,1,0,0,0,0,0,0,0,0,0,0,0
328,4,117,12,10,t,r,n,f,q,j,d,0,1,0,0,0,0,0,0,0,0,0,v,1,0,0,0,0,0,0,0,0,0,0,0
329,3,31,5,7,t,r,q,f,q,s,d,0,1,0,0,0,0,0,0,0,0,0,v,1,0,0,0,0,0,0,0,0,0,0,0
330,2,18,10,8,t,r,n,f,q,s,d,0,1,0,0,1,0,1,0,0,0,0,v,1,1,0,1,0,0,0,0,0,0,0,0
331,3,11,17,10,t,i,x,v,s,s,d,0,0,0,0,0,1,0,0,0,1,0,v,2,1,0,1,0,0,0,0,0,0,0,0
332,3,14,5,4,t,r,q,f,q,t,d,0,1,0,0,0,0,0,0,0,0,0,a,1,0,0,0,0,0,0,0,0,0,0,0
333,1,36,5,3,t,u,n,f,j,s,d,0,0,0,0,1,0,1,0,0,0,0,v,1,0,0,0,0,0,0,0,0,0,0,0
334,1,29,9,4,t,r,n,f,j,s,d,0,0,0,0,0,0,1,0,0,0,0,v,1,0,0,0,0,0,0,0,0,0,0,0
335,3,10,5,6,t,u,n,f,q,s,d,0,0,0,0,1,0,0,0,0,0,0,r,1,0,0,0,0,0,0,0,0,0,0,0
336,2,15,6,4,t,r,q,f,q,j,d,0,1,0,0,0,0,0,0,0,0,0,v,1,0,0,0,0,0,0,0,0,0,0,0
337,2,21,5,5,t,r,q,f,q,s,q,1,1,0,0,0,0,0,0,0,0,0,v,1,0,0,0,0,0,0,0,0,0,0,0
338,3,4,5,6,t,r,q,f,q,t,d,0,1,0,0,1,0,0,0,0,0,0,v,2,0,0,0,0,0,0,0,0,0,0,0
339,3,2,16,10,t,i,x,v,s,j,d,0,0,0,0,0,1,0,0,0,1,0,v,0,1,0,1,0,0,0,0,0,0,0,0
340,2,21,6,7,t,r,q,f,q,j,d,0,1,0,0,0,0,0,0,0,0,0,a,0,1,0,0,0,0,0,0,0,0,0,0
341,2,21,3,6,t,r,n,f,q,s,d,0,1,0,0,0,0,1,0,0,0,0,v,5,0,0,0,0,0,0,0,0,0,0,0
342,2,41,5,6,t,r,n,f,q,t,d,0,1,0,0,0,0,0,0,0,0,0,v,1,1,1,0,0,0,0,0,0,0,0,0
343,1,4,10,3,o,u,x,z,j,s,d,0,0,0,0,0,1,0,0,0,0,0,v,1,0,0,0,0,0,0,0,0,0,0,0
344,2,37,5,6,t,r,q,f,q,j,d,0,1,0,0,0,0,0,0,0,0,0,r,1,0,0,0,0,0,0,0,0,0,0,0
345,1,8,5,3,t,u,n,x,j,s,d,0,1,0,0,0,0,0,0,0,0,0,a,1,0,0,0,0,0,0,0,0,0,0,0
346,2,7,9,4,t,r,q,f,x,s,q,0,1,0,0,0,0,1,0,0,0,0,v,1,1,1,0,0,0,0,0,0,0,0,0
347,2,39,15,10,t,r,n,f,q,s,d,0,0,0,0,1,0,0,0,0,0,0,v,1,0,0,0,0,0,0,0,0,0,0,0
348,4,33,12,7,t,r,n,f,q,t,d,0,1,1,0,1,0,1,0,0,0,0,v,1,0,0,0,0,0,0,0,0,0,0,0
349,2,40,5,6,t,r,n,f,x,s,d,0,1,0,0,0,0,0,0,0,0,0,v,1,1,0,0,0,0,0,0,0,0,0,0
350,2,7,5,5,t,w,q,f,q,s,d,0,0,0,0,1,0,1,1,0,0,0,a,1,0,0,0,0,0,0,0,0,0,0,0
351,2,7,11,4,t,r,n,f,q,s,d,0,0,0,0,0,0,0,0,0,0,0,v,1,0,0,0,0,0,0,0,0,0,0,0
352,2,13,3,5,t,r,n,x,q,s,d,0,1,0,0,0,0,1,0,0,0,0,v,1,0,0,0,0,0,0,0,0,0,0,0
353,3,41,15,6,t,r,q,f,q,s,d,0,1,0,0,0,0,0,0,0,0,0,v,2,0,0,0,0,0,0,0,0,0,0,0
354,3,26,6,6,t,r,n,f,q,s,d,0,1,0,0,0,0,0,0,0,0,0,v,1,1,1,0,0,0,0,0,0,0,0,0
355,2,6,8,5,t,r,n,f,q,s,d,0,1,0,0,0,0,0,0,0,0,0,v,1,0,0,0,0,0,0,0,0,0,0,0
356,3,56,13,6,t,r,q,f,q,t,d,0,1,0,0,1,0,0,0,0,0,0,v,1,0,0,0,0,0,0,0,0,0,0,0
357,3,2,7,5,t,r,q,v,q,s,d,0,0,0,0,0,0,1,0,0,0,0,v,1,1,0,0,0,0,1,0,0,0,0,0
358,2,22,6,4,t,r,q,f,q,t,d,1,1,0,0,0,0,0,0,0,0,0,v,1,0,0,0,0,0,0,0,0,0,0,0
359,1,7,17,6,t,u,x,v,s,s,d,0,0,0,0,1,1,0,0,0,0,0,a,1,1,0,1,0,0,0,0,0,0,0,0
360,2,19,8,5,t,r,n,f,q,s,d,0,0,0,0,0,0,0,0,0,0,0,v,1,0,0,0,0,0,0,0,0,0,0,0
361,3,13,6,5,t,r,q,f,q,s,d,0,1,0,0,0,0,0,0,0,0,0,v,1,0,0,0,0,0,0,0,0,0,0,0
362,2,11,12,12,t,u,n,v,x,j,d,0,0,0,0,1,1,0,0,0,0,0,v,1,0,0,0,0,0,0,0,0,0,0,0
363,2,1,11,6,t,u,x,f,q,s,d,0,0,0,0,0,0,1,0,0,0,0,v,1,1,0,0,0,0,1,0,0,0,0,0
364,2,23,2,4,t,r,n,f,q,s,d,0,1,0,0,0,0,0,0,0,0,0,v,1,1,1,0,0,0,0,0,0,0,0,0
365,1,3,4,4,t,u,q,f,j,s,d,0,1,0,0,0,0,1,0,0,0,0,r,2,0,0,0,0,0,0,0,0,0,0,0
366,1,11,3,4,t,r,q,f,j,s,d,0,1,0,0,1,0,0,0,0,0,0,v,1,0,0,0,0,0,0,0,0,0,0,0
367,3,20,14,6,t,i,x,v,s,j,d,0,0,0,0,0,0,0,0,1,0,0,v,1,1,0,0,0,0,0,0,0,0,0,0
368,3,15,10,5,t,r,n,f,q,t,s,0,1,0,0,0,0,0,0,0,0,0,v,1,0,0,0,0,0,0,0,0,0,0,0
369,2,19,5,4,t,r,q,f,q,s,d,0,1,0,0,1,0,1,0,0,0,0,v,1,0,0,0,0,0,0,0,0,0,0,0
370,1,0,10,3,t,u,x,v,j,j,d,0,0,0,0,0,1,0,0,0,0,0,v,1,1,0,0,0,0,0,0,0,1,0,0
371,4,66,10,10,t,r,q,f,x,o,d,0,0,0,0,1,0,0,0,0,0,0,v,0,0,0,0,0,0,0,0,0,0,0,0
372,3,22,10,10,n,r,q,f,x,s,d,0,1,0,0,1,0,0,0,0,0,0,v,1,0,0,0,0,0,0,0,0,0,0,0
373,1,17,6,3,t,u,q,f,j,s,d,1,0,0,1,0,1,1,0,0,0,0,v,1,0,0,0,0,0,0,0,0,0,0,0
374,3,52,8,10,t,r,n,f,q,j,d,1,0,0,0,1,0,1,0,0,1,0,v,1,0,0,0,0,0,0,0,0,0,0,0
375,2,20,7,6,t,r,n,f,q,s,d,0,1,0,0,0,0,1,0,0,0,0,v,1,0,0,0,0,0,0,0,0,0,0,0
376,3,25,5,7,t,r,q,f,q,s,d,0,1,0,0,1,0,0,0,0,0,0,v,1,0,0,0,0,0,0,0,0,0,0,0
377,3,36,5,8,t,r,n,f,q,s,d,1,0,0,0,1,0,0,0,0,0,0,v,1,0,0,0,0,0,0,0,0,0,0,0
378,3,17,13,7,t,r,n,f,q,t,d,1,0,0,0,0,0,0,0,0,0,0,v,1,0,0,0,0,0,0,0,0,0,0,0
379,2,20,3,6,t,r,n,f,q,s,d,0,1,0,0,0,0,0,0,0,0,0,v,1,0,0,0,0,0,0,0,0,0,0,0
380,3,7,8,7,t,r,q,f,q,s,d,0,1,0,0,0,0,0,0,0,0,0,v,1,1,1,0,0,0,0,0,0,0,0,0
381,2,21,6,4,t,r,n,f,q,s,a,0,1,0,0,0,0,0,0,0,0,0,v,1,1,0,0,0,0,0,0,0,0,0,0
382,2,6,6,6,t,w,q,f,q,s,d,0,0,0,0,1,0,1,1,0,0,0,a,1,0,0,0,0,0,0,0,0,0,0,0
383,3,26,6,7,t,r,n,f,q,s,d,0,0,0,0,0,0,0,0,0,0,0,v,1,0,0,0,0,0,0,0,0,0,0,0
384,2,6,11,4,n,u,x,v,q,s,d,0,0,0,0,0,0,0,0,0,0,0,v,1,1,0,1,0,0,0,0,0,0,0,0
385,3,38,5,6,t,r,n,f,q,s,d,0,1,0,0,0,0,1,0,0,0,0,v,1,0,0,0,0,0,0,0,0,0,0,0
386,7,21,14,10,t,i,x,v,s,t,d,0,0,0,0,0,1,0,0,1,1,0,v,2,0,0,0,0,0,0,0,0,0,0,0
387,2,7,10,5,t,r,n,f,x,s,d,0,1,1,0,1,0,0,0,0,0,0,v,1,1,1,0,0,0,0,0,0,0,0,0
388,1,13,10,3,t,i,x,v,j,s,o,0,0,0,0,0,1,0,0,0,0,0,a,0,0,0,0,0,0,0,0,0,0,0,0
389,1,1,14,4,t,i,n,f,q,s,d,0,1,0,0,1,0,0,0,0,0,0,v,1,1,1,0,0,0,0,0,0,0,0,0
390,4,33,14,10,t,u,x,x,s,s,d,0,0,0,0,1,0,0,0,0,0,0,v,1,1,0,0,0,0,0,0,0,0,0,0
391,2,16,4,5,t,r,n,f,q,s,d,0,1,0,0,0,0,0,0,0,0,0,v,1,0,0,0,0,0,0,0,0,0,0,0
392,2,11,9,5,t,r,n,f,q,j,d,0,1,0,0,0,0,0,0,0,0,0,v,3,0,0,0,0,0,0,0,0,0,0,0
393,2,21,10,6,t,r,q,f,q,s,d,1,1,0,0,0,0,1,0,0,0,0,v,1,0,0,0,0,0,0,0,0,0,0,0
394,3,89,10,10,t,i,x,f,s,t,q,0,0,0,0,1,0,0,0,0,0,0,v,1,0,0,0,0,0,0,0,0,0,0,0
395,2,24,5,4,t,r,q,f,q,s,d,0,0,0,0,1,0,0,0,0,0,0,v,2,0,0,0,0,0,0,0,0,0,0,0
396,3,36,2,5,n,r,q,f,q,s,d,0,1,0,0,0,0,1,0,0,0,0,v,1,0,0,0,0,0,0,0,0,0,0,0
397,3,13,6,6,t,r,q,f,q,s,d,0,1,0,0,1,0,1,0,0,0,0,v,0,1,1,0,0,0,0,0,0,0,0,0
398,2,10,5,4,t,r,n,f,q,t,d,0,1,0,0,0,0,0,0,0,0,0,v,1,0,0,0,0,0,0,0,0,0,0,0
399,1,0,9,3,t,u,x,v,j,s,d,0,0,0,0,0,0,1,0,0,0,0,a,6,0,0,0,0,0,0,0,0,0,0,0
400,2,11,5,5,t,r,n,f,q,s,d,0,1,0,0,0,0,1,1,0,0,0,v,1,1,0,0,0,0,0,0,0,0,0,0
401,2,8,7,6,t,w,n,f,q,s,d,0,0,0,1,0,0,1,0,0,0,0,v,0,0,0,0,0,0,0,0,0,0,0,0
402,2,20,5,6,t,r,q,f,q,s,d,0,1,0,0,0,0,1,0,0,0,0,v,1,0,0,0,0,0,0,0,0,0,0,0
403,3,38,5,7,t,r,n,f,q,s,d,0,1,0,0,0,0,0,0,0,0,0,v,1,0,0,0,0,0,0,0,0,0,0,0
404,2,0,17,6,t,u,q,v,s,s,d,0,0,0,0,0,0,0,0,0,0,0,v,1,1,0,0,0,1,0,0,0,0,0,0
405,2,20,5,6,t,r,n,x,q,s,d,0,1,0,0,0,0,1,0,0,0,0,a,1,0,0,0,0,0,0,0,0,0,0,0
406,2,100,6,8,t,r,n,f,q,t,d,0,1,0,0,1,0,0,0,0,0,0,v,3,0,0,0,0,0,0,0,0,0,0,0
407,2,38,19,6,n,r,n,f,x,s,d,0,0,0,0,0,0,1,0,0,0,0,v,0,0,0,0,0,0,0,0,0,0,0,0
408,2,19,10,7,t,r,n,x,q,s,d,0,1,0,0,1,0,0,0,0,0,0,v,1,0,0,0,0,0,0,0,0,0,0,0
409,2,14,6,5,t,r,n,f,q,j,d,0,0,0,0,0,0,1,1,0,0,1,v,1,0,0,0,0,0,0,0,0,0,0,0
410,3,39,7,6,t,w,q,f,q,s,d,0,1,0,0,1,0,0,0,0,0,0,v,1,0,0,0,0,0,0,0,0,0,0,0
411,3,4,9,7,t,r,x,f,q,s,d,0,1,0,0,0,0,0,0,0,0,0,v,1,1,0,0,0,0,0,0,0,0,1,0
412,2,14,8,4,t,r,q,f,q,t,d,0,1,0,0,0,0,0,0,0,0,0,v,1,0,0,0,0,0,0,0,0,0,0,0
413,2,29,6,7,t,r,n,f,x,t,d,1,1,0,0,0,0,1,0,0,0,0,v,1,1,1,0,0,0,0,0,0,0,0,0
414,3,21,4,6,t,r,n,f,q,s,d,0,1,0,0,0,0,0,0,0,0,0,v,1,0,0,0,0,0,0,0,0,0,0,0
415,4,37,3,5,t,r,n,f,q,s,d,1,1,0,0,1,0,1,0,0,0,0,v,1,0,0,0,0,0,0,0,0,0,0,0
416,2,26,5,7,t,w,q,f,q,s,d,0,1,0,0,0,0,0,0,0,0,0,a,1,0,0,0,0,0,0,0,0,0,0,0
417,3,21,9,5,t,r,q,f,q,s,d,0,0,0,0,0,0,0,0,0,0,0,v,1,0,0,0,0,0,0,0,0,0,0,0
418,1,22,5,3,t,u,n,f,j,s,d,0,0,0,0,0,0,0,0,0,0,0,v,1,0,0,0,0,0,0,0,0,0,0,0
419,1,10,11,3,t,u,x,v,j,j,d,0,0,0,0,1,0,0,0,0,0,0,v,1,0,0,0,0,0,0,0,0,0,0,0
420,3,5,5,10,t,r,q,f,q,j,d,1,1,0,0,1,0,0,0,0,0,0,v,1,0,0,0,0,0,0,0,0,0,0,0
421,1,37,5,4,t,r,n,f,q,j,d,0,0,0,0,0,0,0,0,0,0,0,v,1,0,0,0,0,0,0,0,0,0,0,0
422,1,13,9,3,t,u,x,v,j,j,d,0,1,0,0,0,1,0,0,0,0,0,v,1,0,0,0,0,0,0,0,0,0,0,0
423,3,11,22,10,t,i,x,v,s,j,d,0,0,0,0,0,1,0,0,1,1,0,v,0,1,0,0,1,0,0,0,0,0,0,0
424,2,20,11,7,t,r,q,f,q,s,d,0,1,0,0,0,0,1,0,0,0,0,v,0,1,0,0,0,1,0,0,0,0,0,0
425,3,8,16,8,t,u,n,f,q,s,d,0,1,0,0,0,0,0,0,0,0,0,v,0,1,0,0,0,0,0,1,0,0,0,0
426,1,14,5,2,t,r,n,f,j,s,d,0,0,0,0,1,0,0,0,0,0,0,v,1,0,0,0,0,0,0,0,0,0,0,0
427,2,15,8,4,t,r,q,f,q,s,d,1,1,1,0,0,0,1,1,0,0,0,v,1,0,0,0,0,0,0,0,0,0,0,0
428,2,8,9,5,t,u,q,v,x,j,d,0,0,0,0,1,0,1,0,0,0,0,v,0,1,0,1,0,0,0,0,0,0,0,0
429,1,22,5,2,t,u,n,f,j,s,d,0,0,0,0,0,0,0,0,0,0,0,v,1,0,0,0,0,0,0,0,0,0,0,0
430,2,19,5,5,t,r,n,f,q,t,d,0,0,0,0,0,0,0,0,0,0,0,v,1,0,0,0,0,0,0,0,0,0,0,0
431,2,7,10,4,t,r,q,f,q,t,d,0,1,0,0,0,0,1,0,0,0,0,v,1,0,0,0,0,0,0,0,0,0,0,0
432,4,7,11,12,t,i,x,v,s,t,d,0,0,0,0,0,0,0,0,0,1,0,v,1,1,0,1,0,0,0,0,0,0,0,0
433,2,18,4,5,t,r,q,f,q,s,d,1,1,0,0,0,0,0,0,0,0,0,v,1,0,0,0,0,0,0,0,0,0,0,0
434,2,38,3,6,t,r,n,f,q,t,d,0,1,0,0,0,0,1,1,0,0,1,v,1,0,0,0,0,0,0,0,0,0,0,0
435,1,3,5,4,o,r,n,f,j,s,d,0,1,0,0,0,0,0,0,0,0,0,a,1,0,0,0,0,0,0,0,0,0,0,0
436,1,22,6,2,t,r,n,f,j,s,d,0,1,0,0,1,0,1,0,0,0,0,v,1,0,0,0,0,0,0,0,0,0,0,0
437,2,9,11,5,t,r,n,f,q,s,d,1,1,0,0,0,0,0,0,0,0,0,v,1,1,0,1,0,0,0,0,0,0,0,0
438,3,30,5,5,o,r,n,f,q,s,d,0,1,0,0,1,0,1,0,0,0,0,v,1,0,0,0,0,0,0,0,0,0,0,0
439,2,11,5,6,t,i,n,v,s,s,d,1,0,0,0,1,0,0,0,0,0,0,v,1,0,0,0,0,0,0,0,0,0,0,0
440,2,24,5,5,t,r,n,f,q,s,d,0,1,0,0,1,0,1,0,0,0,0,v,4,0,0,0,0,0,0,0,0,0,0,0
441,2,13,13,10,t,u,n,f,q,s,d,0,0,0,0,0,1,0,0,0,0,0,v,0,1,0,0,1,0,0,0,0,0,0,0
442,2,11,4,5,t,r,n,f,q,t,d,0,1,0,0,0,0,1,0,0,0,0,v,1,0,0,0,0,0,0,0,0,0,0,0
443,1,22,10,3,t,u,n,v,j,s,d,0,1,0,0,0,0,0,0,0,0,0,v,1,0,0,0,0,0,0,0,0,0,0,0
444,2,5,4,6,t,r,q,f,q,s,d,0,1,0,0,1,0,0,0,0,0,0,v,1,1,1,0,0,0,0,0,0,0,0,0
445,2,23,6,6,t,r,n,f,q,t,d,0,1,0,0,0,0,0,0,0,0,0,v,0,0,0,0,0,0,0,0,0,0,0,0
446,2,36,4,6,t,r,q,f,q,s,d,1,1,0,0,0,0,1,0,0,0,0,v,1,0,0,0,0,0,0,0,0,0,0,0
447,1,11,12,3,t,u,x,v,j,j,d,0,0,0,0,0,1,0,0,0,0,0,v,1,0,0,0,0,0,0,0,0,0,0,0
448,2,3,5,4,t,w,q,f,q,s,d,0,0,0,0,0,0,0,0,0,0,0,v,0,0,0,0,0,0,0,0,0,0,0,0
449,3,14,14,12,n,r,n,x,q,s,d,1,0,0,0,1,0,1,0,0,0,0,v,1,0,0,0,0,0,0,0,0,0,0,0
450,3,23,10,6,t,r,n,f,q,t,d,0,1,0,0,0,0,0,0,0,0,0,v,1,0,0,0,0,0,0,0,0,0,0,0
451,1,29,9,2,t,r,n,f,j,s,d,0,1,0,0,1,0,0,0,0,0,0,v,1,0,0,0,0,0,0,0,0,0,0,0
452,1,14,6,2,t,r,n,f,j,s,d,0,0,0,0,1,0,1,0,0,0,0,a,1,0,0,0,0,0,0,0,0,0,0,0
453,2,9,5,6,t,r,q,f,q,s,d,0,1,0,0,0,0,1,0,0,0,0,v,1,0,0,0,0,0,0,0,0,0,0,0
454,2,2,9,10,t,i,x,v,s,s,d,0,0,0,0,1,1,0,0,0,1,0,v,1,0,0,0,0,0,0,0,0,0,0,0
455,2,21,6,7,t,r,n,f,x,s,d,0,1,0,0,0,0,1,0,0,0,0,v,0,1,0,1,0,0,0,0,0,0,0,0
456,2,20,7,7,t,r,q,x,q,t,d,1,1,0,0,1,0,1,0,0,0,0,v,0,1,0,1,0,0,0,0,0,0,0,0
457,2,13,10,5,t,r,q,f,x,s,d,0,1,0,0,0,0,1,0,0,0,0,v,1,1,0,0,0,0,0,0,0,0,1,0
458,3,8,9,4,t,r,n,f,q,t,d,0,1,0,0,0,0,1,0,0,0,0,a,1,0,0,0,0,0,0,0,0,0,0,0
459,3,42,5,8,t,r,n,f,q,t,d,0,1,0,0,1,0,0,0,0,0,0,v,1,0,0,0,0,0,0,0,0,0,0,0
460,2,22,13,6,t,r,q,f,q,s,d,0,1,0,0,0,0,0,0,0,0,0,v,1,0,0,0,0,0,0,0,0,0,0,0
461,2,9,5,4,t,r,q,x,q,s,d,0,1,0,0,0,0,0,0,0,0,0,v,1,0,0,0,0,0,0,0,0,0,0,0
462,2,16,17,4,t,u,q,f,x,t,d,0,0,0,1,0,0,0,0,0,0,0,v,1,0,0,0,0,0,0,0,0,0,0,0
463,1,11,3,3,t,w,q,f,j,s,d,0,0,0,0,0,0,0,1,0,0,0,a,1,0,0,0,0,0,0,0,0,0,0,0
464,3,17,9,6,t,r,n,f,q,s,d,0,1,0,0,1,0,0,0,0,0,0,v,2,0,0,0,0,0,0,0,0,0,0,0
465,2,10,5,4,t,r,n,f,q,s,d,1,1,0,0,0,0,0,0,0,0,0,v,1,0,0,0,0,0,0,0,0,0,0,0
466,6,29,10,7,t,i,x,f,q,s,s,1,0,0,0,1,0,1,0,0,0,0,v,1,1,0,0,0,0,0,0,0,0,0,0
467,2,34,8,6,t,r,q,f,q,t,d,0,1,1,0,0,0,1,0,0,0,0,v,1,0,0,0,0,0,0,0,0,0,0,0
468,7,4,15,14,t,i,x,f,s,t,d,0,0,0,0,1,1,0,0,0,0,0,v,1,0,0,0,0,0,0,0,0,0,0,0
469,4,102,15,10,t,r,n,f,x,o,d,1,0,0,0,1,0,0,0,0,0,0,v,1,0,0,0,0,0,0,0,0,0,0,0
470,3,51,14,6,t,r,n,f,q,j,d,0,1,0,0,0,0,0,0,0,0,0,v,1,0,0,0,0,0,0,0,0,0,0,0
471,1,8,8,4,t,r,q,f,j,s,d,0,1,0,0,0,0,0,0,0,0,0,v,0,0,0,0,0,0,0,0,0,0,0,0
472,2,24,9,4,t,r,n,f,x,s,d,0,1,0,0,0,0,1,0,0,0,0,v,1,0,0,0,0,0,0,0,0,0,0,0
473,1,8,10,3,t,i,x,v,j,s,d,0,0,0,0,0,0,1,0,0,0,0,v,0,1,0,1,0,0,0,0,0,0,0,0
474,3,5,9,5,t,r,q,f,q,t,d,0,1,0,0,1,0,0,0,0,0,0,v,1,0,0,0,0,0,0,0,0,0,0,0
475,2,9,7,2,t,w,q,f,j,s,d,1,0,0,0,1,0,1,0,0,0,0,v,1,1,0,0,0,0,0,0,0,0,0,1
476,2,11,5,7,t,r,q,f,q,t,d,0,1,1,0,1,0,1,1,0,0,0,v,1,0,0,0,0,0,0,0,0,0,0,0
477,3,26,2,5,n,r,n,f,q,j,d,0,1,0,0,0,0,0,0,0,0,0,v,1,0,0,0,0,0,0,0,0,0,0,0
478,1,6,9,3,t,u,x,v,j,s,d,0,1,0,0,1,0,0,0,0,0,0,a,0,0,0,0,0,0,0,0,0,0,0,0
479,1,23,5,3,t,r,q,f,j,s,q,0,0,0,0,1,0,0,0,0,0,0,v,0,0,0,0,0,0,0,0,0,0,0,0
480,2,14,8,5,t,r,n,f,q,s,d,0,1,0,0,0,0,1,0,0,0,0,v,1,0,0,0,0,0,0,0,0,0,0,0
481,7,19,9,13,t,i,x,f,s,o,q,0,0,0,0,0,1,0,0,0,0,0,v,1,1,0,0,0,0,0,0,0,0,0,0
482,1,9,8,3,t,i,x,v,j,j,d,0,0,0,0,0,1,0,0,0,0,0,a,0,1,0,1,0,0,0,0,0,0,0,0
483,2,8,6,6,t,r,q,f,q,s,d,0,1,0,0,0,0,0,0,0,0,0,v,1,1,0,0,0,0,0,0,0,0,0,0
484,3,20,13,5,t,r,n,f,q,s,d,0,1,0,0,0,0,1,0,0,0,0,v,1,1,1,0,0,0,0,0,0,0,0,0
485,2,38,5,6,t,r,q,f,x,s,d,0,1,0,0,0,0,0,0,0,0,0,v,1,1,1,0,0,0,0,0,0,0,0,0
486,3,23,5,7,t,r,q,f,q,t,d,0,1,0,0,0,0,1,0,0,0,0,v,1,0,0,0,0,0,0,0,0,0,0,0
487,2,14,5,4,t,r,q,f,q,s,d,0,1,0,0,0,0,0,0,0,0,0,v,1,0,0,0,0,0,0,0,0,0,0,0
488,1,14,9,3,t,u,q,f,j,s,u,0,1,0,0,0,1,0,0,0,0,0,a,1,0,0,0,0,0,0,0,0,0,0,0
489,1,12,10,3,n,r,x,f,j,s,d,0,1,0,0,0,0,0,0,0,0,0,v,1,0,0,0,0,0,0,0,0,0,0,0
490,1,15,12,3,t,h,q,x,j,j,d,0,0,0,0,1,0,0,0,0,0,0,v,0,1,0,0,0,0,0,0,0,0,0,0
491,2,20,5,5,t,r,n,f,q,s,d,0,1,0,0,0,0,0,0,0,0,0,a,1,0,0,0,0,0,0,0,0,0,0,0
492,2,42,10,6,t,u,x,v,s,s,d,0,0,0,0,0,0,0,0,0,0,0,a,1,0,0,0,0,0,0,0,0,0,0,0
493,3,14,6,6,t,r,q,f,q,s,d,0,1,0,0,0,0,1,0,0,0,0,v,1,0,0,0,0,0,0,0,0,0,0,0
494,2,0,9,4,n,r,q,m,q,s,d,0,1,0,0,0,0,1,0,0,0,0,a,1,0,1,0,0,0,0,0,0,0,0,0
495,2,23,5,4,t,w,q,f,q,s,d,0,0,0,0,0,0,1,0,0,0,0,v,1,0,0,0,0,0,0,0,0,0,0,0
496,2,1,6,4,t,r,n,f,q,s,d,0,1,0,0,0,0,0,0,1,0,0,v,1,0,0,0,0,0,0,0,0,0,0,0
497,2,13,3,4,t,r,q,f,q,s,d,0,1,0,0,0,0,1,0,0,0,0,r,1,0,0,0,0,0,0,0,0,0,0,0
498,2,0,16,2,t,i,x,v,s,j,d,0,0,0,0,0,1,1,0,0,1,0,v,0,1,0,1,0,0,0,0,0,0,0,0
499,3,10,6,6,t,r,q,f,q,s,d,0,1,0,0,0,0,0,0,0,0,0,v,1,0,0,0,0,0,0,0,0,0,0,0
500,1,1,14,3,t,u,x,v,j,s,d,0,0,0,0,0,1,0,0,0,0,0,v,0,1,0,1,0,0,0,0,0,0,0,0
501,1,23,14,3,t,u,x,v,j,s,d,0,0,0,0,1,1,0,0,0,0,0,v,2,0,0,0,0,0,0,0,0,0,0,0
502,2,24,5,5,t,r,n,f,q,s,d,0,1,0,0,0,0,0,0,0,0,0,v,1,0,0,0,0,0,0,0,0,0,0,0
503,2,13,6,4,t,r,n,f,q,s,d,0,1,0,0,0,0,0,0,0,0,0,v,1,0,0,0,0,0,0,0,0,0,0,0
504,2,14,13,9,t,i,x,v,s,s,d,1,0,0,0,0,0,0,0,0,0,0,v,0,1,0,0,1,0,0,0,0,0,0,0
505,3,26,11,7,t,r,n,f,x,s,d,1,1,0,0,0,0,0,0,0,0,0,v,1,0,0,0,0,0,0,0,0,0,0,0
506,2,27,5,7,t,r,q,f,q,t,q,0,1,0,0,0,0,0,0,0,0,0,v,1,0,0,0,0,0,0,0,0,0,0,0
507,3,21,10,7,t,r,n,f,q,s,d,0,1,0,0,0,0,0,0,0,0,0,v,1,0,0,0,0,0,0,0,0,0,0,0
508,2,3,4,6,n,r,n,f,s,s,d,0,0,0,0,0,1,0,0,0,0,0,v,1,1,0,0,0,0,0,0,0,0,0,1
509,1,35,5,2,t,r,n,f,j,s,d,0,0,0,0,1,1,1,0,0,0,0,v,1,0,0,0,0,0,0,1,0,0,0,0
510,2,16,5,4,t,r,q,f,q,s,d,0,0,0,0,0,0,0,0,0,0,0,v,0,0,0,0,0,0,0,0,0,0,0,0
511,3,7,10,7,t,r,x,f,x,s,c,0,0,0,0,0,0,0,0,0,0,0,v,1,1,0,0,0,0,0,0,0,0,0,0
512,2,3,19,5,t,r,n,f,q,s,d,0,1,0,0,0,0,0,0,0,0,0,v,1,1,0,0,0,0,0,0,1,0,0,0
513,2,2,6,4,t,w,q,f,q,t,d,0,0,0,0,0,0,0,0,0,0,0,v,0,0,0,0,0,0,0,0,0,0,0,0
514,2,8,3,4,t,r,q,f,q,s,q,0,1,0,0,0,0,0,0,0,0,0,a,1,0,0,0,0,0,0,0,0,0,0,0
515,1,34,5,3,t,u,q,v,j,s,d,0,1,0,0,0,0,0,0,0,0,0,v,1,0,0,0,0,0,0,0,0,0,0,0
516,1,1,12,10,t,u,x,v,s,s,d,0,0,0,0,1,1,0,0,1,0,0,v,0,1,0,0,1,0,0,0,0,0,0,0
517,3,13,7,7,t,r,q,f,q,s,d,0,1,0,0,0,0,0,0,0,0,0,v,1,0,0,0,0,0,0,0,0,0,0,0
518,2,21,5,4,t,r,n,f,j,s,d,0,1,0,0,0,0,0,0,0,0,0,v,1,0,0,0,0,0,0,0,0,0,0,0
519,1,12,10,3,t,u,q,f,j,s,d,0,0,0,0,0,0,1,0,0,0,0,v,1,0,0,0,0,0,0,0,0,0,0,0
520,6,3,15,5,t,r,n,z,q,j,d,0,0,0,0,1,0,1,0,0,0,0,v,1,0,0,0,0,0,0,0,0,0,0,0
521,1,1,6,3,t,u,n,f,j,s,d,0,0,0,0,1,0,0,0,0,0,0,v,0,0,0,0,0,0,0,0,0,0,0,0
522,2,13,13,5,n,r,n,f,x,s,d,0,1,0,0,0,0,0,0,0,0,0,v,1,0,0,0,0,0,0,0,0,0,0,0
523,3,37,5,6,t,r,q,f,q,j,d,0,1,0,0,1,0,0,0,0,0,0,v,1,0,0,0,0,0,0,0,0,0,0,0
524,3,9,5,7,t,r,n,f,q,s,d,0,1,0,0,0,0,0,0,0,0,0,v,1,0,0,0,0,0,0,0,0,0,0,0
525,3,0,17,11,t,i,x,v,s,j,d,0,0,0,0,0,0,0,0,0,1,0,v,1,1,0,1,0,0,0,0,0,0,0,0
526,2,6,5,4,t,r,q,f,q,t,d,0,1,0,0,0,0,1,0,0,0,0,v,1,0,0,0,0,0,0,0,0,0,0,0
527,2,19,7,4,t,r,n,f,q,t,d,0,1,0,0,0,0,1,0,0,0,0,v,1,0,0,0,0,0,0,0,0,0,0,0
528,3,10,9,7,t,r,q,f,s,s,d,0,1,0,0,0,0,0,0,0,0,0,v,1,0,0,0,0,0,0,0,0,0,0,0
529,3,26,5,5,t,r,q,f,q,t,d,0,1,0,0,0,0,0,0,0,0,0,v,1,0,0,0,0,0,0,0,0,0,0,0
530,2,36,2,4,t,r,q,f,q,s,d,1,0,0,0,0,0,1,0,0,0,0,v,1,0,0,0,0,0,0,0,0,0,0,0
531,3,26,6,5,t,r,q,f,q,t,d,0,1,0,0,0,0,0,0,0,0,0,v,0,0,0,0,0,0,0,0,0,0,0,0
532,1,7,4,4,t,r,n,f,j,t,d,0,1,0,0,1,0,0,0,0,0,0,r,1,0,0,0,0,0,0,0,0,0,0,0
533,4,24,15,10,t,r,n,f,q,s,q,1,1,0,0,1,0,0,0,0,0,0,v,1,0,0,0,0,0,0,0,0,0,0,0
534,2,8,5,4,t,r,n,f,q,s,d,0,1,0,0,0,0,1,0,0,0,0,a,1,0,0,0,0,0,0,0,0,0,0,0
535,1,10,9,3,n,i,x,v,j,j,d,0,0,0,0,0,1,0,0,1,1,0,v,1,0,0,0,0,0,0,0,0,0,0,0
536,2,25,6,6,t,r,n,x,q,o,d,0,0,0,0,0,0,0,0,0,0,0,v,1,0,0,0,0,0,0,0,0,0,0,0
537,5,90,11,12,t,r,n,f,q,o,d,0,0,0,0,1,0,0,0,0,0,0,v,1,0,0,0,0,0,0,0,0,0,0,0
538,3,37,6,6,t,r,q,f,q,s,d,0,1,0,0,1,0,0,0,0,0,0,v,1,0,0,0,0,0,0,0,0,0,0,0
539,3,25,6,5,t,r,n,f,q,t,d,0,1,0,0,1,0,1,0,0,0,0,v,0,0,0,0,0,0,0,0,0,0,0,0
540,2,22,8,5,t,h,n,f,q,s,d,0,0,0,0,0,0,0,0,0,0,0,v,1,0,0,0,0,0,0,0,0,0,0,0
541,2,12,5,4,t,r,n,x,x,s,d,0,1,0,0,0,0,0,0,0,0,0,v,0,0,0,0,0,0,0,0,0,0,0,0
542,2,24,6,5,o,r,n,f,q,t,d,0,1,1,0,0,0,0,0,0,0,0,v,1,0,0,0,0,0,0,0,0,0,0,0
543,2,11,5,4,t,r,n,f,q,s,d,0,1,0,0,0,0,0,0,0,0,0,v,1,0,0,0,0,0,0,0,0,0,0,0
544,2,15,6,4,t,r,q,f,q,s,d,0,1,0,0,0,0,1,0,0,0,0,v,1,0,0,0,0,0,0,0,0,0,0,0
545,3,14,18,6,t,u,n,f,x,j,d,0,0,0,1,0,0,0,0,0,0,0,v,1,0,0,0,0,0,0,0,0,0,0,0
546,3,22,5,6,n,r,q,f,q,j,d,1,1,0,0,1,0,0,0,0,0,0,w,1,0,0,0,0,0,0,0,0,0,0,0
547,2,14,12,7,t,r,n,f,q,s,d,0,1,0,0,0,0,0,0,0,0,0,v,0,1,0,0,0,0,0,0,0,0,0,0
548,2,9,5,6,t,r,n,f,q,s,d,0,1,0,0,0,0,0,0,0,0,0,v,1,0,0,0,0,0,0,0,0,0,0,0
549,1,10,5,3,n,r,q,f,j,s,d,0,0,0,0,0,0,0,0,0,0,0,v,0,0,0,0,0,0,0,0,0,0,0,0
550,1,9,5,3,t,r,n,f,j,t,d,0,1,0,0,0,0,0,0,0,0,0,v,1,0,0,0,0,0,0,0,0,0,0,0
551,2,15,6,5,t,r,q,f,q,t,d,0,1,0,0,0,0,0,0,0,0,0,v,1,0,0,0,0,0,0,0,0,0,0,0
552,1,0,9,3,t,u,x,v,j,s,d,0,0,0,0,0,1,0,0,0,0,0,v,0,0,0,0,0,0,0,0,0,0,0,0
553,2,33,4,4,t,r,q,f,q,s,d,0,1,0,0,0,0,1,0,0,0,0,v,1,0,0,0,0,0,0,0,0,0,0,0
554,3,43,5,7,n,r,n,f,q,s,d,0,1,0,0,0,0,0,0,0,0,0,v,1,0,0,0,0,0,0,0,0,0,0,0
555,2,0,5,6,t,r,n,x,j,s,d,0,0,0,0,0,0,1,0,0,0,0,v,0,1,0,0,0,0,0,0,1,0,0,0
556,2,9,10,5,t,i,x,v,s,s,d,0,0,0,0,0,1,0,0,0,0,0,v,1,0,0,0,0,0,0,0,0,0,0,0
557,2,24,5,6,t,r,q,f,q,s,d,0,1,0,0,1,0,0,0,0,0,0,v,1,0,0,0,0,0,0,0,0,0,0,0
558,3,5,9,7,t,u,n,v,x,j,m,0,0,0,0,0,0,0,0,0,0,0,v,1,0,0,0,0,0,0,0,0,0,0,0
559,2,15,8,6,n,i,q,v,q,j,d,0,0,0,0,0,0,0,0,0,0,0,v,0,1,0,0,1,0,0,0,0,0,0,0
560,2,9,9,7,t,w,q,f,q,s,d,0,0,0,0,1,0,0,1,0,0,0,a,0,0,0,0,0,0,0,0,0,0,0,0
561,3,14,5,6,t,r,n,f,q,t,d,0,1,1,0,0,0,0,0,0,0,0,v,1,1,1,0,0,0,0,0,0,0,0,0
562,1,14,10,2,t,r,x,f,j,s,d,0,0,0,0,0,1,0,0,0,0,0,v,0,0,0,0,0,0,0,0,0,0,0,0
563,3,22,5,5,t,r,q,f,q,s,d,0,1,0,0,0,0,0,0,0,0,0,v,1,0,0,0,0,0,0,0,0,0,0,0
564,2,9,4,4,t,r,n,f,q,s,q,0,1,0,0,0,0,0,0,0,0,0,v,2,0,0,0,0,0,0,0,0,0,0,0
565,2,3,17,10,t,u,x,v,s,j,d,0,0,0,0,0,1,1,0,0,0,1,v,0,1,0,0,0,1,0,0,0,0,0,0
566,2,21,7,7,t,r,q,f,q,j,d,0,0,0,0,1,0,1,0,0,0,0,a,1,1,0,1,0,0,0,0,0,0,0,0
567,3,8,8,8,t,r,n,f,s,s,q,0,0,0,0,1,0,0,0,0,0,0,w,1,0,0,0,0,0,0,0,0,0,0,0
568,3,23,5,7,t,r,q,f,q,s,d,0,1,0,0,1,0,0,1,0,0,0,v,1,0,0,0,0,0,0,0,0,0,0,0
569,2,4,8,5,t,w,q,x,q,s,d,0,1,0,1,1,0,1,0,0,0,0,a,1,1,0,0,0,0,0,0,0,0,0,0
570,2,26,13,4,t,u,n,f,j,s,q,0,1,0,1,1,1,0,0,0,0,0,v,1,0,0,0,0,0,0,0,0,0,0,0
571,2,5,9,6,t,w,q,f,q,s,d,0,0,0,0,1,0,1,1,0,0,1,r,2,0,0,0,0,0,0,0,0,0,0,0
572,2,19,2,5,t,r,n,f,q,s,d,0,1,0,0,0,0,1,0,0,0,0,v,1,1,1,0,0,0,0,0,0,0,0,0
573,2,7,5,6,t,r,n,f,q,t,d,0,1,0,0,0,0,0,0,0,0,0,v,1,0,0,0,0,0,0,0,0,0,0,0
574,1,5,10,2,t,u,x,v,j,s,d,0,0,0,0,0,1,1,0,0,0,1,v,0,1,0,0,0,0,0,0,0,0,0,0
575,2,14,6,6,t,r,n,f,q,s,d,0,1,0,0,0,0,0,0,0,0,0,v,1,0,0,0,0,0,0,0,0,0,0,0
576,2,15,5,4,t,r,n,f,q,t,d,1,1,0,0,1,0,0,0,0,0,0,v,1,0,0,0,0,0,0,0,0,0,0,0
577,2,7,5,4,t,r,n,f,q,s,d,0,1,0,0,0,0,0,0,0,0,0,v,1,0,0,0,0,0,0,0,0,0,0,0
578,5,0,13,10,t,i,x,v,s,t,d,0,0,0,0,0,0,0,0,0,1,0,v,0,1,0,1,0,0,0,0,0,0,0,0
579,2,7,5,6,t,r,n,f,x,s,d,1,1,0,0,0,0,1,0,0,0,0,a,1,0,0,0,0,0,0,0,0,0,0,0
580,3,22,12,6,t,u,x,v,j,s,d,0,0,0,0,0,1,0,0,0,0,0,v,0,1,0,1,0,0,0,0,0,0,0,0
581,2,15,5,4,t,r,n,f,q,s,d,0,1,0,0,0,0,0,0,0,0,0,v,1,0,0,0,0,0,0,0,0,0,0,0
582,2,4,6,6,t,r,q,f,q,t,d,0,1,0,0,0,0,1,0,0,0,0,v,1,0,0,0,0,0,0,0,0,0,0,0
583,2,10,4,3,t,r,q,f,j,s,d,0,1,0,0,0,0,0,0,0,0,0,v,1,0,0,0,0,0,0,0,0,0,0,0
584,3,30,5,9,t,r,n,f,q,j,d,1,1,0,0,1,0,0,0,0,0,0,w,1,0,0,0,0,0,0,0,0,0,0,0
585,2,34,5,5,t,r,q,f,j,s,d,0,1,0,0,0,0,0,0,0,0,0,a,1,0,0,0,0,0,0,0,0,0,0,0
586,1,2,5,3,t,u,q,v,j,t,d,0,1,0,0,0,1,0,0,0,0,0,v,0,0,0,0,0,0,0,0,0,0,0,1
587,2,35,10,6,t,r,n,f,q,s,d,0,1,0,0,0,0,0,0,0,0,0,v,1,0,0,0,0,0,0,0,0,0,0,0
588,5,13,24,12,t,i,x,f,q,s,d,1,0,0,0,1,0,0,0,0,0,0,v,1,0,0,0,0,0,0,0,0,0,0,0
589,2,12,7,5,t,r,n,f,q,s,d,0,1,0,0,1,0,0,0,0,0,0,v,1,0,0,0,0,0,0,0,0,0,0,0
590,2,5,8,5,t,r,q,f,q,t,s,1,1,0,0,0,0,1,0,0,0,0,v,1,1,1,0,0,0,0,0,0,0,1,0
591,2,38,5,4,t,r,n,f,q,s,d,0,1,0,0,0,0,0,0,0,0,0,v,1,0,0,0,0,0,0,0,0,0,0,0
592,2,5,9,6,t,u,x,v,q,j,d,0,0,0,0,1,1,1,0,0,1,0,v,3,0,0,0,0,0,0,0,0,0,0,0
593,3,23,11,3,t,r,x,f,j,j,d,1,0,0,0,1,0,0,0,0,0,0,v,1,0,0,0,0,0,0,0,0,0,0,0
594,2,22,2,4,t,r,n,f,q,t,d,0,1,0,0,0,0,1,0,0,0,0,v,1,1,0,0,0,0,0,0,0,0,0,0
595,4,995,15,11,t,i,x,f,x,o,d,0,0,0,0,1,1,0,0,0,0,0,v,0,0,0,0,0,0,0,0,0,0,0,0
596,2,23,5,5,t,r,q,f,q,j,d,1,1,0,0,0,0,0,0,0,0,0,v,1,0,0,0,0,0,0,0,0,0,0,0
597,2,0,12,10,t,i,x,v,s,s,d,0,0,0,0,0,1,0,0,0,1,0,v,1,1,0,1,0,0,0,0,0,0,0,0
598,2,35,5,5,t,r,n,x,q,s,d,0,1,0,0,0,0,0,0,0,0,0,v,1,0,0,0,0,0,0,0,0,0,0,0
599,2,28,6,6,t,r,n,f,q,s,d,0,1,0,0,0,0,0,0,0,0,0,v,1,0,0,0,0,0,0,0,0,0,0,0
600,3,20,9,5,t,r,n,f,q,s,q,0,1,0,0,0,0,0,0,0,0,0,v,1,0,0,0,0,0,0,0,0,0,0,0
601,4,92,8,10,t,r,n,f,q,o,d,1,0,0,0,1,0,0,0,1,0,0,v,1,0,0,0,0,0,0,0,0,0,0,0
602,2,21,4,7,t,r,q,f,q,s,d,0,0,0,0,1,0,0,0,0,1,0,v,1,0,0,0,0,0,0,0,0,0,0,0
603,2,12,20,10,t,i,x,v,s,j,d,0,0,0,0,0,0,0,0,0,0,0,v,1,1,0,0,1,0,0,0,0,0,0,0
604,2,5,10,6,t,w,q,f,x,t,d,0,0,0,0,0,0,0,0,0,0,0,v,1,1,1,0,0,0,0,0,0,0,0,0
605,1,12,5,3,t,u,n,f,j,s,d,0,0,0,0,0,0,1,0,0,0,0,a,0,0,0,0,0,0,0,0,0,0,0,0
606,3,23,12,10,t,r,q,f,q,s,d,0,0,0,0,1,0,0,0,0,0,0,v,1,0,0,0,0,0,0,0,0,0,0,0
607,3,43,4,6,o,r,n,f,q,s,d,0,1,0,0,0,0,0,0,0,0,0,v,1,0,0,0,0,0,0,0,0,0,0,0
608,2,8,6,5,n,r,q,f,q,s,d,0,1,0,0,0,0,1,0,0,0,0,v,1,0,0,0,0,0,0,0,0,0,0,0
609,2,22,8,4,t,r,n,f,x,s,d,0,1,0,0,1,0,0,0,0,0,0,v,1,0,0,0,0,0,0,0,0,0,0,0
610,3,35,9,7,t,r,n,f,q,s,d,0,1,0,0,1,0,0,0,0,0,0,v,1,0,0,0,0,0,0,0,0,0,0,0
611,2,45,4,6,t,r,q,f,q,s,d,0,1,0,0,1,0,1,0,0,0,0,v,1,0,0,0,0,0,0,0,0,0,0,0
612,1,0,6,2,t,r,n,f,j,s,d,0,0,0,0,0,0,1,1,0,0,0,v,2,0,0,0,0,0,0,0,0,0,0,0
613,3,13,5,4,t,r,n,f,q,t,d,0,1,0,0,0,0,0,0,0,0,0,v,1,0,0,0,0,0,0,0,0,0,0,0
614,3,24,5,7,t,r,n,f,q,s,d,0,1,0,0,0,0,0,0,0,0,0,v,1,0,0,0,0,0,0,0,0,0,0,0
615,3,6,14,8,t,i,x,f,s,s,d,0,1,0,0,0,0,0,0,0,0,0,v,0,1,0,0,0,0,1,0,0,0,0,0
616,2,22,6,6,t,u,q,f,q,s,d,0,0,0,0,1,0,0,0,0,0,0,v,1,1,0,1,0,0,0,0,0,0,0,0
617,3,12,5,6,t,r,q,f,q,s,d,0,1,0,0,1,0,0,0,0,0,0,v,1,0,0,0,0,0,0,0,0,0,0,0
618,3,10,20,5,t,r,n,f,q,s,d,0,0,0,0,1,1,1,0,0,0,0,v,2,0,0,0,0,0,0,0,0,0,0,0
619,3,2,25,10,t,i,x,v,s,j,d,0,0,0,0,0,0,0,0,0,0,0,v,1,1,0,1,0,0,0,0,0,0,0,0
620,3,16,6,6,t,r,n,f,q,t,d,0,1,0,0,1,0,0,0,0,0,0,v,1,0,0,0,0,0,0,0,0,0,0,0
621,3,0,19,10,t,i,x,v,s,s,d,0,0,0,0,0,0,0,0,1,0,0,v,1,1,0,1,0,0,0,0,0,0,0,0
622,3,0,8,8,t,r,x,f,q,s,d,0,0,0,0,1,0,0,0,0,0,0,w,1,1,0,0,0,0,0,0,0,0,0,1
623,3,21,5,5,t,r,n,f,q,s,d,0,1,0,0,0,0,1,0,0,0,0,v,1,0,0,0,0,0,0,0,0,0,0,0
624,2,23,5,4,t,r,n,f,q,s,d,1,1,0,1,1,0,0,0,0,0,0,v,1,0,0,0,0,0,0,0,0,0,0,0
625,2,18,2,5,t,r,n,f,q,t,d,0,0,0,0,1,0,1,0,0,0,0,r,1,1,0,0,0,0,0,0,0,0,0,0
626,3,23,5,8,t,r,q,f,q,j,d,1,1,0,0,1,0,0,0,0,0,0,v,1,0,0,0,0,0,0,0,0,0,0,0
627,2,11,10,7,t,r,n,f,q,s,d,0,1,0,0,0,0,0,0,0,0,0,v,1,0,0,0,0,0,0,0,0,0,0,0
628,3,24,5,8,t,r,q,f,q,s,d,0,1,0,0,1,0,0,0,0,0,0,v,1,0,0,0,0,0,0,0,0,0,0,0
629,3,2,11,7,t,u,x,v,s,j,d,0,0,0,0,0,1,0,0,0,0,0,v,1,1,0,1,0,0,0,0,0,0,0,0
630,2,7,10,6,t,r,n,f,x,s,d,0,1,0,0,0,0,1,0,0,0,0,v,1,0,0,0,0,0,0,0,0,0,0,0
631,2,13,11,6,t,r,q,x,q,s,d,0,1,0,0,0,0,1,0,0,0,0,v,1,0,0,0,0,0,0,0,0,0,0,0
632,2,7,5,4,t,r,q,f,q,s,d,0,1,0,0,0,0,0,0,0,0,0,v,1,0,0,0,0,0,0,0,0,0,0,0
633,2,21,12,6,t,r,x,v,j,t,c,1,0,0,0,0,0,0,0,0,0,0,v,0,0,0,0,0,0,0,0,0,0,0,0
634,2,14,8,6,t,u,q,f,x,s,d,1,0,0,0,0,0,0,0,0,0,0,v,2,0,0,0,0,0,0,0,0,0,0,0
635,3,64,8,7,t,r,n,x,q,s,d,1,1,0,0,1,0,0,0,0,0,0,v,1,0,0,0,0,0,0,0,0,0,0,0
636,1,43,5,5,t,h,q,f,q,s,d,0,0,0,0,0,0,0,0,0,0,0,v,1,0,0,0,0,0,0,0,0,0,0,0
637,3,27,10,9,t,r,n,x,q,s,d,0,0,0,0,1,0,0,0,0,0,0,v,1,0,0,0,0,0,0,0,0,0,0,0
638,2,4,13,6,t,r,n,f,q,s,d,1,1,0,0,0,0,1,0,0,0,0,a,1,1,1,0,0,0,0,0,0,0,0,0
639,3,38,5,6,t,r,n,f,q,t,d,0,1,0,0,0,0,1,0,0,0,0,v,5,0,0,0,0,0,0,0,0,0,0,0
640,1,1,11,2,t,i,x,v,j,j,d,0,0,0,0,0,1,0,0,0,1,0,a,0,1,0,1,0,0,0,0,0,0,0,0
641,2,11,5,4,t,r,n,f,q,t,d,0,1,0,0,1,0,0,0,0,0,0,w,1,0,0,0,0,0,0,0,0,0,0,0
642,3,21,9,4,t,r,x,f,q,t,d,0,1,0,0,0,0,0,0,0,0,0,r,1,0,0,0,0,0,0,0,0,0,0,0
643,1,11,12,3,t,r,n,f,j,s,d,1,0,0,0,0,0,1,0,0,0,0,v,1,0,0,0,0,0,0,0,0,0,0,0
644,3,29,11,8,t,r,q,f,q,s,d,1,1,0,0,0,0,1,0,0,0,0,v,1,1,0,0,0,0,0,0,0,0,0,0
645,2,17,3,6,t,r,n,f,q,t,d,0,1,0,0,0,0,1,0,0,0,0,v,1,0,0,0,0,0,0,0,0,0,0,0
646,1,5,5,4,t,r,x,v,j,t,d,0,0,0,0,0,0,1,0,0,0,0,r,1,0,0,0,0,0,0,0,0,0,0,0
647,1,37,10,3,t,u,n,f,j,s,d,0,0,0,0,0,0,1,0,0,0,0,a,1,0,0,0,0,0,0,0,0,0,0,0
648,2,11,10,6,t,r,n,f,q,s,d,0,1,0,0,0,0,0,0,0,0,0,v,1,1,1,0,0,0,0,0,0,0,0,0
649,1,13,12,5,t,r,q,f,q,j,d,0,0,0,0,0,1,0,0,0,0,0,v,1,0,0,0,0,0,0,0,0,0,0,0
650,2,23,5,10,t,r,n,f,q,j,d,1,0,0,0,1,0,0,0,0,0,0,v,1,0,0,0,0,0,0,0,0,0,0,0
651,2,1,7,5,t,w,q,f,x,s,d,0,1,0,0,0,0,0,0,0,0,0,v,1,0,0,0,0,0,0,0,0,0,0,0
652,4,75,4,8,t,r,n,f,q,o,d,1,1,0,0,1,0,0,0,0,0,0,v,1,0,0,0,0,0,0,0,0,0,0,0
653,2,9,5,4,t,r,n,f,q,s,d,0,1,0,0,0,0,0,0,0,0,0,a,1,0,0,0,0,0,0,0,0,0,0,0
654,2,0,2,6,t,u,q,f,q,s,d,0,1,0,0,0,0,0,0,0,0,0,v,0,0,0,0,0,0,0,0,0,0,0,0
655,2,6,8,4,t,r,n,f,q,t,d,0,1,0,1,0,0,1,0,0,0,0,v,1,1,1,0,0,0,0,0,0,0,0,0
656,2,7,5,6,t,r,n,f,q,s,d,0,1,0,0,1,0,0,0,0,0,0,v,1,0,0,0,0,0,0,0,0,0,0,0
657,3,3,16,10,t,i,x,v,s,t,d,0,1,0,0,1,0,0,0,0,1,0,v,1,1,0,1,0,0,0,0,0,0,0,0
658,3,19,5,5,t,r,n,f,x,s,d,0,1,0,0,1,0,1,1,0,0,0,v,1,1,0,1,0,0,0,0,0,0,0,0
659,3,27,3,5,t,r,n,f,q,s,d,0,1,0,0,0,0,0,0,0,0,0,v,1,0,0,0,0,0,0,0,0,0,0,0
660,2,26,6,6,t,r,n,f,q,t,d,0,1,0,0,0,0,0,0,0,0,0,v,1,0,0,0,0,0,0,0,0,0,0,0
661,2,19,10,5,t,w,q,f,x,t,d,0,0,0,1,1,0,1,0,0,0,0,v,1,0,0,0,0,0,0,0,0,0,0,0
662,5,35,5,10,t,r,n,f,x,j,d,1,1,0,0,1,0,0,0,0,0,0,v,1,0,0,0,0,0,0,0,0,0,0,0
663,2,21,5,5,t,r,q,f,q,s,d,1,1,0,0,0,0,1,0,0,0,0,v,1,0,0,0,0,0,0,0,0,0,0,0
664,3,27,5,5,t,r,q,f,q,s,d,0,1,0,0,0,0,1,0,0,0,0,v,0,0,0,0,0,0,0,0,0,0,0,0
665,3,16,20,8,t,r,n,f,q,t,d,0,1,0,0,0,0,0,0,0,0,0,v,3,0,0,0,0,0,0,0,0,0,0,0
666,2,8,9,4,t,r,q,f,q,s,d,0,1,1,0,0,0,0,0,0,0,0,v,1,0,0,0,0,0,0,0,0,0,0,0
667,2,3,5,5,n,r,q,f,q,s,d,0,1,0,0,1,0,0,0,0,0,0,v,0,0,0,0,0,0,0,0,0,0,0,0
668,3,23,9,6,t,r,n,f,q,s,d,0,1,0,0,0,0,0,0,0,0,0,v,1,0,0,0,0,0,0,0,0,0,0,0
669,2,3,12,5,t,r,q,f,q,s,d,0,0,0,0,0,0,0,0,0,0,0,v,1,0,0,0,0,0,0,0,0,0,0,0
670,2,12,5,4,t,r,n,f,j,s,d,0,1,0,0,0,0,0,0,0,0,0,v,2,0,0,0,0,0,0,0,0,0,0,0
671,2,25,3,4,n,r,n,f,q,s,o,0,1,0,0,0,0,0,0,0,0,0,v,1,0,0,0,0,0,0,0,0,0,0,0
672,1,19,15,2,t,u,x,v,j,s,d,0,0,0,0,1,1,0,0,0,0,0,v,0,0,0,0,0,0,0,0,0,0,0,0
673,3,13,14,6,t,i,x,v,s,s,d,0,0,0,0,0,1,0,0,0,0,0,v,1,0,0,0,0,0,0,0,0,0,0,0
674,3,13,5,6,t,r,n,x,q,t,d,0,1,0,0,0,0,0,0,0,0,0,v,0,0,0,0,0,0,0,0,0,0,0,0
675,4,20,9,7,t,r,n,f,x,s,d,1,1,0,0,1,0,0,0,0,0,0,v,1,0,0,0,0,0,0,0,0,0,0,0
676,2,15,15,9,t,i,x,v,s,j,d,0,0,0,0,0,0,0,0,0,0,0,v,1,1,0,1,0,0,0,0,0,0,0,0
677,3,13,10,6,n,r,q,f,q,t,d,0,1,0,0,0,0,0,0,0,0,0,v,1,0,0,0,0,0,0,0,0,0,0,0
678,2,17,17,11,t,u,x,v,s,t,d,0,0,0,0,0,1,0,0,0,0,0,v,0,1,0,0,1,0,0,0,0,0,0,0
679,2,5,7,4,t,r,n,f,j,s,d,0,1,0,0,0,0,0,0,0,0,0,v,1,0,0,0,0,0,0,0,0,0,0,0
680,3,24,6,7,t,r,n,f,q,s,d,0,1,0,1,0,0,0,0,0,0,0,v,1,0,0,0,0,0,0,0,0,0,0,0
681,3,8,15,10,t,i,x,v,s,t,d,0,0,0,0,1,1,0,0,0,0,0,v,0,0,0,0,0,0,0,0,0,0,0,0
682,2,38,9,6,t,r,n,f,q,t,d,0,1,0,0,0,0,1,0,0,0,0,v,1,0,0,0,0,0,0,0,0,0,0,0
683,3,23,5,6,t,r,q,x,q,s,d,0,1,0,0,0,0,0,0,0,0,0,v,1,0,0,0,0,0,0,0,0,0,0,0
684,3,8,6,6,t,r,x,v,s,s,d,0,0,0,0,0,0,0,0,0,1,0,v,1,0,0,0,0,0,0,0,0,0,0,0
685,2,8,2,9,t,r,q,f,q,s,d,0,0,0,0,0,0,0,0,0,0,0,v,0,0,0,0,0,0,0,0,0,0,0,0
686,2,22,8,6,t,i,x,v,s,s,d,0,0,0,0,0,0,0,0,1,1,0,v,1,0,0,0,0,0,0,0,0,0,0,0
687,2,40,6,5,t,r,q,f,q,s,d,0,1,0,0,0,0,1,0,0,0,0,v,1,0,0,0,0,0,0,0,0,0,0,0
688,3,11,5,7,t,r,q,f,q,s,d,1,1,0,0,0,0,0,0,0,0,0,v,1,0,0,0,0,0,0,0,0,0,0,1
689,2,8,5,6,t,r,n,f,q,s,d,0,1,0,0,0,0,0,0,0,0,0,v,0,1,1,0,0,0,0,0,0,0,0,0
690,3,20,11,6,t,r,q,f,q,t,d,0,1,0,0,1,0,0,0,0,0,0,v,1,0,0,0,0,0,0,0,0,0,0,0
691,2,3,8,6,t,u,q,f,j,s,d,0,0,0,0,0,1,1,0,0,0,0,v,1,0,0,0,0,0,0,0,0,0,0,0
692,2,14,9,4,t,r,n,f,x,s,d,0,1,0,0,0,0,0,0,0,0,0,a,1,0,0,0,0,0,0,0,0,0,0,0
693,2,7,12,6,t,u,x,f,s,s,d,0,0,0,0,0,0,0,0,0,0,0,v,1,0,0,0,0,0,0,0,0,0,0,0
694,1,15,5,3,t,u,q,f,j,s,d,1,1,0,0,1,1,0,0,0,0,0,v,1,0,0,0,0,0,0,0,0,0,0,0
695,1,35,5,3,t,r,n,f,j,s,d,1,0,0,0,0,0,0,0,0,0,0,v,1,0,0,0,0,0,0,0,0,0,0,0
696,2,6,10,6,t,r,n,f,x,t,d,0,1,0,0,0,0,1,0,0,0,0,v,0,1,0,0,0,0,0,0,1,0,0,0
697,4,11,18,10,t,i,x,v,s,s,d,0,0,0,0,1,1,0,0,0,0,0,v,1,1,0,1,0,0,0,0,0,0,0,0
698,2,16,5,6,t,r,n,f,q,s,d,0,1,0,0,0,0,1,0,0,0,0,v,1,1,0,1,0,0,0,0,0,0,0,1
699,4,81,12,12,t,r,n,f,x,j,d,1,0,0,0,1,0,0,0,0,0,0,v,1,0,0,0,0,0,0,0,0,0,0,0
700,2,18,5,7,t,r,q,f,x,s,d,0,1,0,0,0,0,1,0,0,0,0,v,1,0,0,0,0,0,0,0,0,0,0,0
701,3,41,5,5,t,r,n,f,q,s,d,0,1,0,0,1,0,0,0,0,0,0,v,1,0,0,0,0,0,0,0,0,0,0,0
702,1,19,1,3,t,r,n,f,j,s,d,0,1,0,0,1,0,0,0,0,0,0,a,1,0,0,0,0,0,0,0,0,0,0,0
703,1,21,9,3,t,r,q,f,j,s,d,0,1,0,0,0,0,0,0,0,0,0,v,1,0,0,0,0,0,0,0,0,0,0,0
704,2,3,5,4,t,r,q,x,q,s,d,0,0,0,0,0,0,0,0,0,0,0,v,2,0,0,0,0,0,0,0,0,0,0,0
705,2,23,13,10,t,r,x,f,s,j,d,0,0,0,0,0,0,0,0,0,0,0,v,1,1,0,0,0,0,0,0,0,0,1,0
706,1,13,12,3,t,u,n,f,j,j,d,0,0,0,0,0,0,1,0,0,0,0,a,0,0,0,0,0,0,0,0,0,0,0,0
707,2,19,16,6,t,u,x,v,s,j,d,0,0,0,0,0,0,0,0,0,0,0,v,1,1,0,0,0,1,0,0,0,0,0,0
708,2,25,6,6,t,r,q,f,q,s,d,1,1,0,0,0,0,1,1,0,0,1,v,1,0,0,0,0,0,0,0,0,0,0,0
709,2,17,15,5,n,u,n,f,q,s,d,0,0,0,0,0,0,0,0,0,0,0,v,1,0,0,0,0,0,0,0,0,0,0,0
710,2,2,7,6,t,r,n,f,q,s,d,0,0,0,0,0,0,0,0,0,0,0,v,1,1,0,0,0,0,0,1,0,0,0,0
711,2,39,5,9,t,r,n,f,x,s,d,0,0,0,0,1,0,0,0,0,0,0,v,1,0,0,0,0,0,0,0,0,0,0,0
712,2,12,6,4,t,r,n,f,q,s,d,0,1,0,0,0,0,0,0,0,0,0,v,1,0,0,0,0,0,0,0,0,0,0,0
713,2,13,5,5,t,r,n,f,q,t,d,1,1,0,0,1,0,0,0,0,0,0,v,0,0,0,0,0,0,0,0,0,0,0,0
714,2,17,7,7,t,r,n,f,q,s,d,0,1,0,0,0,0,0,0,0,0,0,v,1,0,0,0,0,0,0,0,0,0,0,0
715,3,93,5,6,t,r,q,f,q,s,d,0,1,0,0,0,0,0,0,0,0,0,v,1,0,0,0,0,0,0,0,0,0,0,0
716,2,38,6,7,t,r,n,f,q,s,d,0,1,0,0,0,0,0,0,0,0,0,v,3,0,0,0,0,0,0,0,0,0,0,0
717,2,16,9,4,t,h,q,f,q,t,d,1,0,0,0,1,0,1,0,0,0,0,v,0,1,0,0,0,0,0,0,0,0,0,0
718,4,71,13,10,t,r,n,f,q,s,d,1,1,0,1,1,0,0,0,0,0,0,v,1,0,0,0,0,0,0,0,0,0,0,0
719,3,37,9,7,t,r,q,f,q,s,d,0,1,0,0,0,0,0,0,0,0,0,v,1,0,0,0,0,0,0,0,0,0,0,0
720,1,26,5,4,t,u,q,f,j,s,d,0,0,0,0,1,0,0,0,0,0,0,v,1,0,0,0,0,0,0,0,0,0,0,0
721,3,27,3,7,t,r,n,f,q,s,d,0,1,0,0,0,0,0,0,0,0,0,v,1,0,0,0,0,0,0,0,0,0,0,0
722,2,12,24,5,t,r,q,f,q,t,d,0,1,0,0,0,0,1,0,0,0,0,v,6,0,0,0,0,0,0,0,0,0,0,0
723,2,36,5,7,t,r,n,f,x,j,d,1,1,0,0,0,0,1,0,0,0,0,v,1,0,0,0,0,0,0,0,0,0,0,0
724,2,19,16,6,t,r,q,f,q,s,d,1,1,0,0,1,0,1,0,0,0,0,v,1,0,0,0,0,0,0,0,0,0,0,0
725,2,0,5,6,t,r,n,x,q,s,d,0,1,0,0,0,0,0,0,0,0,0,v,1,1,0,0,0,0,0,0,0,0,0,0
726,2,48,8,7,t,r,n,f,x,s,d,1,1,0,0,1,0,0,0,0,0,0,v,1,0,0,0,0,0,0,0,0,0,0,0
727,3,25,8,5,t,r,n,x,q,s,d,0,1,0,0,0,0,0,0,0,0,0,v,3,1,0,0,0,0,0,0,0,0,0,0
728,2,3,5,4,t,r,n,f,q,s,d,0,1,0,0,0,0,0,0,0,0,0,v,1,0,0,0,0,0,0,0,0,0,0,0
729,3,5,5,6,t,r,n,f,q,s,d,0,1,0,0,0,0,0,0,0,0,0,v,1,0,0,0,0,0,0,0,0,0,0,0
730,2,8,5,4,t,w,n,f,q,s,d,0,0,0,0,0,0,1,0,0,0,0,a,1,1,1,0,0,0,0,0,0,0,0,0
731,1,34,14,4,t,r,n,f,j,s,d,0,1,0,0,0,0,1,1,0,0,0,a,1,0,0,0,0,0,0,0,0,0,0,0
732,2,27,2,5,t,r,n,f,q,s,d,0,1,0,0,0,0,0,0,0,0,0,v,1,0,0,0,0,0,0,0,0,0,0,0
733,3,16,8,5,n,r,q,f,q,s,d,0,1,0,0,0,0,0,0,0,0,0,v,1,0,0,0,0,0,0,0,0,0,0,0
734,4,96,12,10,t,r,n,f,x,o,d,0,0,0,0,1,0,1,0,0,0,0,v,1,0,0,0,0,0,0,0,0,0,0,0
735,3,31,7,5,t,r,n,f,q,s,d,0,1,0,0,1,0,0,0,0,0,0,v,1,0,0,0,0,0,0,0,0,0,0,0
736,2,23,5,4,t,r,n,f,q,s,d,0,1,0,0,0,0,0,0,0,0,0,v,1,0,0,0,0,0,0,0,0,0,0,0
737,1,11,8,3,t,u,x,f,j,j,d,0,0,0,0,0,1,0,0,0,0,0,v,1,0,0,0,0,0,0,0,0,0,0,0
738,2,46,7,4,t,r,q,f,q,t,d,0,1,0,0,0,0,0,0,0,0,0,v,1,0,0,0,0,0,0,0,0,0,0,0
739,3,25,11,7,t,r,n,f,q,s,d,0,1,0,0,0,0,0,0,0,0,1,v,0,0,0,0,0,0,0,0,0,0,0,0
740,2,19,3,4,t,u,n,f,j,s,d,0,0,0,0,0,1,1,0,0,0,0,v,1,0,0,0,0,0,0,0,0,0,0,0
741,2,2,5,4,t,w,q,f,q,s,d,0,0,0,0,0,0,1,0,0,0,0,a,1,0,0,0,0,0,0,0,0,0,0,0
742,2,16,10,4,t,r,n,f,q,s,d,0,1,0,0,0,0,0,0,0,0,0,v,1,0,0,0,0,0,0,0,0,0,0,0
743,1,12,8,3,t,u,n,x,j,j,d,0,1,0,0,0,1,1,0,0,0,0,v,1,0,0,0,0,0,0,0,0,0,0,0
744,2,9,18,10,t,i,x,v,s,t,d,0,0,0,0,0,1,0,0,0,1,0,v,0,1,0,1,0,0,0,0,0,0,0,0
745,3,14,15,10,t,i,x,f,s,j,d,0,0,0,0,0,0,0,0,0,0,0,v,2,1,0,0,0,1,0,0,0,0,0,0
746,3,20,10,5,t,r,n,f,q,j,n,0,0,0,0,0,0,0,0,0,0,0,v,1,0,0,0,0,0,0,0,0,0,0,0
747,3,22,6,7,t,r,n,f,q,s,d,0,1,0,0,0,0,0,0,0,0,0,v,1,0,0,0,0,0,0,0,0,0,0,0
748,3,62,10,8,t,r,n,f,q,s,a,0,1,0,0,0,0,0,0,0,0,0,v,1,1,1,0,0,0,0,0,0,0,0,0
749,1,8,10,4,t,r,n,f,q,s,d,0,1,0,0,0,0,1,0,0,0,0,v,1,0,0,0,0,0,0,0,0,0,0,0
750,1,20,9,3,t,r,n,v,j,s,d,0,0,0,0,1,0,0,0,0,0,0,a,1,0,0,0,0,0,0,0,0,0,0,0
751,2,9,9,6,t,r,q,f,q,t,d,1,1,0,0,0,0,1,0,0,0,0,v,1,0,0,0,0,0,0,0,0,0,0,0
752,1,8,15,3,t,i,x,v,j,s,d,0,0,0,0,1,0,0,0,0,0,0,v,0,0,0,0,0,0,0,0,0,0,0,0
753,3,14,17,6,n,r,n,f,q,j,d,0,0,0,0,1,0,1,0,0,0,0,v,1,0,0,0,0,0,0,0,0,0,0,0
754,3,22,5,6,t,r,n,f,q,s,d,0,1,0,0,1,0,0,0,0,0,0,v,1,0,0,0,0,0,0,0,0,0,0,0
755,3,20,3,6,t,r,q,f,q,s,d,1,0,0,0,1,0,1,0,0,0,0,v,1,0,0,0,0,0,0,0,0,0,0,0
756,3,34,7,6,t,u,q,f,q,s,d,0,1,0,0,1,0,0,0,0,0,1,v,4,0,0,0,0,0,0,0,0,0,0,0
757,2,39,8,6,t,r,n,f,q,s,d,0,1,0,0,0,0,0,0,0,0,0,v,1,0,0,0,0,0,0,0,0,0,0,0
758,2,22,6,6,t,r,n,f,q,s,d,1,1,0,0,0,0,1,0,0,0,0,w,1,0,0,0,0,0,0,0,0,0,0,0
759,1,37,10,3,t,r,q,f,j,s,d,0,0,0,0,0,0,0,0,0,0,0,v,0,0,0,0,0,0,0,0,0,0,0,0
760,3,7,16,5,t,r,q,f,q,s,d,0,1,0,0,0,0,0,0,0,0,0,v,1,0,0,0,0,0,0,0,0,0,0,0
761,2,8,5,4,t,r,q,f,q,s,d,0,1,0,0,0,0,1,0,0,0,0,v,1,1,1,0,0,0,0,0,0,0,0,0
762,2,7,6,5,t,r,n,f,q,s,d,0,1,0,0,0,0,0,0,0,0,0,v,1,1,0,0,0,0,0,0,0,0,0,1
763,2,5,5,4,t,r,q,f,q,s,d,0,1,0,0,0,0,0,0,0,0,0,v,1,1,1,0,0,0,0,0,0,0,0,0
764,2,18,11,5,t,r,q,f,q,s,d,0,1,0,0,0,0,0,0,0,0,0,v,1,1,0,0,0,0,0,0,0,0,0,1
765,2,2,16,4,t,u,x,f,x,s,d,0,0,0,1,0,1,0,0,0,0,1,a,1,0,0,0,0,0,0,0,0,0,0,0
766,1,20,3,3,t,r,q,f,j,s,q,0,0,0,0,0,1,0,0,0,0,0,a,2,0,0,0,0,0,0,0,0,0,0,0
767,1,6,4,3,n,r,q,z,j,s,d,1,0,0,0,0,0,1,0,0,0,0,v,1,0,0,0,0,0,0,0,0,0,0,0
768,1,24,3,2,t,r,n,f,j,s,d,0,1,0,0,0,0,1,1,0,0,0,a,1,0,0,0,0,0,0,0,0,0,0,0
769,3,15,10,6,t,r,q,f,q,s,d,0,1,0,0,1,0,0,0,0,0,0,v,1,0,0,0,0,0,0,0,0,0,0,0
770,2,5,5,4,t,r,n,f,q,s,d,0,1,0,0,0,0,0,0,0,0,0,v,1,1,1,0,0,0,0,0,0,0,0,0
771,2,12,3,4,n,r,n,x,q,s,d,0,1,0,0,0,0,0,0,0,0,0,v,1,0,0,0,0,0,0,0,0,0,0,0
772,3,25,9,6,t,r,n,f,q,t,d,0,1,0,0,0,0,0,0,0,0,0,v,1,0,0,0,0,0,0,0,0,0,0,0
773,3,17,5,7,t,r,q,f,q,t,d,0,1,0,0,0,0,0,0,0,0,0,v,1,0,0,0,0,0,0,0,0,0,0,0
774,3,37,6,6,t,r,n,f,q,s,d,0,1,0,0,0,0,0,0,0,0,0,v,1,0,0,0,0,0,0,0,0,0,0,0
775,6,13,13,12,t,i,x,v,s,j,d,0,0,0,0,0,1,0,0,1,0,0,v,0,0,0,0,0,0,0,0,0,0,0,0
776,2,15,6,5,t,r,q,f,q,s,d,0,1,0,0,0,0,0,0,0,0,0,v,1,0,0,0,0,0,0,0,0,0,0,0
777,2,18,5,6,t,r,q,f,q,s,d,1,1,0,0,0,0,1,0,0,0,0,v,1,0,0,0,0,0,0,0,0,0,0,0
778,3,12,6,5,t,r,n,f,q,s,d,0,1,0,0,1,0,1,0,0,0,0,v,1,0,0,0,0,0,0,0,0,0,0,0
779,2,31,7,5,t,w,q,f,q,s,d,0,1,0,0,0,0,0,0,0,0,0,v,1,0,0,0,0,0,0,0,0,0,0,0
780,3,42,5,6,t,r,n,f,q,s,d,0,1,0,0,0,0,0,0,0,0,0,v,1,0,0,0,0,0,0,0,0,0,0,0
781,2,41,5,4,t,r,n,f,j,s,d,1,1,0,0,1,0,0,0,0,0,0,a,1,0,0,0,0,0,0,0,0,0,0,0
782,2,15,5,4,t,r,n,f,q,s,d,1,1,0,0,0,0,0,0,0,0,0,r,1,0,0,0,0,0,0,0,0,0,0,0
783,1,0,5,3,t,r,n,f,j,s,d,0,1,0,0,0,0,1,0,0,0,0,v,1,0,0,0,0,0,0,0,0,0,0,0
784,2,35,8,6,t,r,q,f,q,t,d,0,1,0,0,0,0,0,0,0,0,0,v,1,0,0,0,0,0,0,0,0,0,0,0
785,3,12,6,6,t,r,n,x,q,s,d,0,1,0,0,0,0,1,0,0,0,0,v,1,0,0,0,0,0,0,0,0,0,0,0
786,2,38,8,5,t,r,n,f,x,s,d,0,0,0,0,1,0,0,0,0,0,0,v,1,0,0,0,0,0,0,0,0,0,0,0
787,1,1,13,3,t,u,n,f,j,s,d,0,0,0,0,0,0,0,0,1,0,0,v,1,0,0,0,0,0,0,0,0,0,0,0
788,2,4,10,4,t,r,n,f,q,s,d,0,1,0,0,0,0,1,0,0,0,0,a,0,1,1,0,0,0,0,0,0,0,0,0
789,2,18,6,5,n,r,q,f,q,t,d,1,1,0,1,0,0,1,0,0,0,0,w,1,0,0,0,0,0,0,0,0,0,0,0
790,3,13,4,6,t,r,q,f,q,s,d,0,1,0,0,0,0,0,0,0,0,0,v,1,0,0,0,0,0,0,0,0,0,0,0
791,2,13,11,5,t,r,q,f,q,t,d,1,1,0,0,1,0,1,0,0,0,0,v,1,0,0,0,0,0,0,0,0,0,0,0
792,3,11,10,10,t,i,x,v,s,j,d,0,0,0,0,0,1,0,0,0,1,0,v,1,1,0,1,0,0,0,0,0,0,0,0
793,2,18,10,7,t,r,q,f,x,s,d,0,1,0,0,1,0,1,0,0,1,0,v,2,0,0,0,0,0,0,0,0,0,0,0
794,3,4,10,6,t,w,x,f,j,s,d,0,0,0,0,0,0,0,0,0,0,0,w,2,1,0,0,0,0,0,0,0,0,0,0
795,2,11,4,6,t,r,n,f,x,s,d,0,1,1,0,0,0,0,0,0,0,0,v,1,0,0,0,0,0,0,0,0,0,0,0
796,3,35,8,7,t,r,n,f,q,s,d,0,1,0,0,0,0,0,0,0,0,0,v,1,0,0,0,0,0,0,0,0,0,0,0
797,2,0,11,4,t,w,n,f,x,s,d,1,1,0,0,1,0,1,0,0,0,0,v,1,0,0,0,0,0,0,0,0,0,0,0
798,3,40,11,7,t,r,n,f,q,s,d,0,1,0,0,0,0,0,0,0,0,0,v,1,0,0,0,0,0,0,0,0,0,0,0
799,3,23,11,6,t,i,x,f,q,s,d,0,1,0,1,0,0,0,0,0,0,0,v,2,0,0,0,0,0,0,0,0,0,0,0
800,1,3,17,3,t,i,x,v,s,j,d,0,0,0,0,0,0,0,0,0,1,0,a,0,1,0,1,0,0,0,0,0,0,0,0
801,2,20,7,6,t,r,q,f,q,s,d,0,1,0,0,0,0,0,0,0,0,0,v,1,1,0,1,0,0,0,0,0,0,0,0
802,1,0,9,4,t,u,n,f,q,s,d,0,0,0,0,1,0,0,0,0,0,0,v,1,0,0,0,0,0,0,0,0,0,0,0
803,2,2,5,4,t,r,n,f,q,s,d,0,1,0,0,1,0,0,0,0,0,0,v,1,0,0,0,0,0,0,0,0,0,0,0
804,2,11,11,4,t,r,q,f,q,s,d,0,1,0,0,0,0,1,0,0,0,0,v,1,0,0,0,0,0,0,0,0,0,0,0
805,1,8,6,2,t,r,n,x,j,s,d,0,0,0,0,0,0,1,0,0,0,0,v,0,0,0,0,0,0,0,0,0,0,0,0
806,2,12,13,13,t,i,x,v,s,t,d,0,0,0,0,1,1,0,0,0,0,0,v,1,1,0,0,0,0,0,0,0,1,0,0
807,2,7,5,5,t,r,n,f,x,t,d,0,1,1,0,0,0,1,0,0,0,0,v,1,1,1,0,0,0,0,0,0,0,0,0
808,2,33,5,6,t,w,q,f,q,s,d,0,1,0,0,1,0,1,1,0,0,0,v,1,0,0,0,0,0,0,0,0,0,0,0
809,2,40,6,4,t,w,n,f,q,s,d,0,0,0,0,1,0,1,0,0,0,0,v,1,0,0,0,0,0,0,0,0,0,0,0
810,2,7,7,10,t,r,n,f,x,s,d,0,0,0,0,0,0,0,0,0,0,0,v,1,1,0,0,1,0,0,0,0,0,1,0
811,1,13,3,3,t,w,n,f,j,s,d,0,0,0,0,1,0,0,0,0,0,0,v,0,0,0,0,0,0,0,0,0,0,0,0
812,2,36,6,6,t,r,n,f,x,s,d,1,1,0,0,0,0,1,0,0,0,0,v,1,0,0,0,0,0,0,0,0,0,0,0
813,1,4,1,4,t,r,q,f,j,s,d,0,1,0,0,0,0,1,0,0,0,0,a,1,0,0,0,0,0,0,0,0,0,0,0
814,2,5,5,7,t,r,q,f,q,s,d,0,1,0,0,1,0,0,0,0,0,0,v,0,1,0,0,0,0,0,1,0,0,0,0
815,3,28,10,8,t,u,x,f,s,s,d,1,0,0,0,0,0,0,0,0,0,0,v,1,0,0,0,0,0,0,0,0,0,0,0
816,2,5,6,2,o,r,n,f,q,s,d,0,0,0,0,0,0,0,0,0,0,0,v,0,1,0,0,0,1,0,0,0,0,0,0
817,1,0,9,3,t,i,x,v,s,s,d,0,0,0,0,0,1,0,0,1,0,0,a,0,0,0,0,0,0,0,0,0,0,0,0
818,3,14,18,10,t,i,x,v,s,j,d,0,0,0,0,0,0,0,0,0,0,0,v,1,0,0,0,0,0,0,0,0,0,0,0
819,2,0,5,4,t,r,n,f,q,s,d,0,1,0,0,1,0,1,0,0,0,0,v,1,0,0,0,0,0,0,0,0,0,0,0
820,2,51,8,6,t,r,n,f,q,s,d,1,1,0,0,0,0,0,0,0,0,0,a,1,1,1,0,0,0,0,0,0,0,0,0
821,3,37,5,8,o,r,n,f,q,s,d,1,1,0,0,0,0,0,0,0,0,0,v,0,0,0,0,0,0,0,0,0,0,0,0
822,3,25,5,7,t,r,q,f,q,t,d,0,1,0,0,0,0,0,0,1,0,0,v,1,0,0,0,0,0,0,0,0,0,0,0
823,2,12,6,6,t,r,x,v,s,s,d,0,0,0,0,0,0,0,0,0,0,0,v,1,1,0,0,0,0,0,1,0,0,0,0
824,2,16,10,5,t,w,q,v,q,s,d,0,0,0,0,0,1,0,0,0,0,0,v,1,0,0,0,0,0,0,0,0,0,0,0
825,2,8,5,5,t,r,q,f,q,s,m,0,1,0,0,0,0,0,0,0,0,0,v,1,0,0,0,0,0,0,0,0,0,0,0
826,2,23,9,4,t,r,n,f,q,s,d,1,1,0,0,0,0,0,0,0,0,0,v,1,0,0,0,0,0,0,0,0,0,0,0
827,2,21,6,4,t,r,n,f,x,s,d,1,1,0,0,0,0,0,0,0,0,0,v,1,0,0,0,0,0,0,0,0,0,0,0
828,2,22,10,5,n,r,n,f,q,s,d,0,1,0,0,0,0,0,0,0,0,0,v,1,0,0,0,0,0,0,0,0,0,0,0
829,2,8,6,7,t,r,q,f,q,t,d,0,1,0,0,0,0,0,0,0,0,0,v,1,1,0,0,0,0,0,0,0,0,0,0
830,1,9,10,2,t,u,n,x,j,s,d,0,0,0,0,0,0,0,0,0,0,0,v,1,0,0,0,0,0,0,0,0,0,0,0
831,1,3,5,3,o,w,n,f,j,s,d,0,0,0,0,0,0,1,0,0,0,0,v,1,0,0,0,0,0,0,0,0,0,0,0
832,1,5,8,2,t,w,n,f,j,s,d,0,0,0,0,0,0,1,0,0,0,0,v,1,0,0,0,0,0,0,0,0,0,0,0
833,1,9,13,3,t,u,n,v,j,s,d,0,0,0,0,1,1,1,0,0,0,0,v,1,0,0,0,0,0,0,0,0,0,0,0
834,3,68,9,8,t,r,q,x,q,j,d,1,1,0,0,1,0,1,0,0,0,0,v,1,1,0,1,0,0,0,0,0,0,0,0
835,3,29,10,6,t,r,n,f,q,s,d,0,1,0,0,0,0,0,1,0,0,0,v,1,0,0,0,0,0,0,0,0,0,0,0
836,1,13,10,3,n,u,n,v,j,s,u,0,0,0,0,0,1,0,0,0,0,0,v,1,0,0,0,0,0,0,0,0,0,0,0
837,2,18,5,8,t,r,n,f,q,s,d,0,1,0,0,0,0,0,0,0,0,0,v,1,0,0,0,0,0,0,0,0,0,0,0
838,3,23,5,6,t,r,n,f,q,s,d,0,1,0,0,1,0,0,0,0,0,0,a,1,1,1,0,0,0,0,0,0,0,0,0
839,3,37,10,7,t,r,q,f,q,s,d,0,1,0,0,0,0,0,0,0,0,0,v,1,0,0,0,0,0,0,0,0,0,0,0
840,6,2,18,11,t,i,x,v,s,j,d,0,0,0,0,0,1,0,0,0,1,0,v,0,1,0,0,0,0,0,0,0,1,0,0
841,2,19,5,5,t,r,q,f,x,s,d,0,1,0,0,0,0,0,0,0,0,0,v,1,0,0,0,0,0,0,0,0,0,0,0
842,3,3,20,9,t,u,x,v,q,s,d,0,0,0,0,0,0,0,0,0,0,0,v,2,1,0,0,0,0,1,0,0,0,0,0
843,2,15,5,4,t,r,q,f,q,s,d,0,1,0,0,0,0,0,0,0,0,0,v,1,0,0,0,0,0,0,0,0,0,0,0
844,2,0,11,6,t,r,n,f,q,t,d,1,1,0,0,0,0,0,0,0,0,0,a,1,1,1,0,0,0,0,0,0,0,0,1
845,2,47,6,12,t,r,n,f,q,j,d,1,1,0,0,1,0,0,0,0,0,0,v,1,0,0,0,0,0,0,0,0,0,0,0
846,2,19,5,5,t,w,n,f,j,t,d,0,1,0,0,0,1,0,0,0,0,1,v,1,0,0,0,0,0,0,0,0,0,0,0
847,2,24,5,4,t,r,n,f,q,s,d,0,1,0,0,0,0,1,0,0,0,0,v,1,0,0,0,0,0,0,0,0,0,0,0
848,3,38,16,8,t,r,q,f,q,j,d,1,0,0,0,1,0,0,0,0,0,0,v,1,0,0,0,0,0,0,0,0,0,0,0
849,4,13,11,12,t,i,x,v,s,j,a,0,0,0,0,0,0,0,0,0,0,0,v,1,0,0,0,0,0,0,0,0,0,0,0
850,1,15,6,2,o,r,n,f,j,s,d,0,0,0,0,0,0,0,0,0,0,0,a,0,0,0,0,0,0,0,0,0,0,0,0
851,2,17,5,5,t,r,n,f,q,s,d,0,1,0,0,0,0,0,0,0,0,0,v,1,0,0,0,0,0,0,0,0,0,0,0
852,2,12,5,6,t,r,n,f,q,s,d,0,1,1,1,0,0,1,0,0,0,0,v,1,1,0,0,0,0,0,0,1,0,0,0
853,3,20,5,6,t,r,n,f,q,o,d,1,0,0,0,1,0,0,0,0,0,0,v,1,0,0,0,0,0,0,0,0,0,0,0
854,2,66,7,6,t,r,n,f,q,s,d,0,1,0,1,0,0,1,0,0,0,0,v,1,1,0,1,0,0,0,0,0,0,0,0
855,2,22,8,4,t,r,n,f,q,s,d,0,1,0,0,1,0,1,0,0,0,0,v,1,0,0,0,0,0,0,0,0,0,0,0
856,2,51,11,10,t,r,x,v,s,t,m,0,0,0,0,0,1,0,0,0,0,0,v,0,1,0,0,1,0,0,0,0,0,0,0
857,3,42,5,4,t,r,q,f,q,s,d,0,1,0,0,0,0,0,0,0,0,0,v,1,0,0,0,0,0,0,0,0,0,0,0
858,2,18,5,5,t,r,n,f,q,s,d,0,1,0,0,0,0,1,0,0,0,0,v,1,0,0,0,0,0,0,0,0,0,0,0
859,2,21,6,6,t,r,q,f,q,t,d,0,1,0,0,0,0,0,0,0,0,0,v,1,0,0,0,0,0,0,0,0,0,0,0
860,2,10,9,4,t,r,n,f,q,s,d,0,1,0,0,0,0,0,0,0,0,0,v,1,1,1,0,0,0,0,0,0,0,0,0
861,2,36,5,6,t,r,q,f,q,s,d,0,1,0,0,0,0,0,0,0,0,0,v,1,0,0,0,0,0,0,0,0,0,0,0
862,1,13,18,2,t,u,x,v,j,j,d,0,0,0,0,0,0,0,0,0,0,0,a,1,1,0,0,0,1,0,0,0,0,0,1
863,1,24,6,2,t,u,n,f,j,s,d,0,0,0,0,0,0,0,0,0,0,0,v,0,0,0,0,0,0,0,0,0,0,0,0
864,2,20,9,6,t,r,q,f,q,s,u,1,1,0,0,0,0,0,0,0,0,0,v,1,0,0,0,0,0,0,0,0,0,0,0
865,2,3,6,5,t,r,q,f,q,s,f,0,1,0,0,0,0,1,0,0,0,0,v,1,0,0,0,0,0,0,0,0,0,0,0
866,1,11,11,2,t,u,x,v,s,s,a,0,0,0,0,0,1,0,0,0,0,0,v,1,0,0,0,0,0,0,0,0,0,0,0
867,4,30,12,11,t,r,x,f,x,s,d,0,0,0,0,0,0,0,0,0,0,0,v,1,0,0,0,0,0,0,0,0,0,0,0
868,3,8,19,7,t,r,x,f,x,s,d,0,1,0,0,0,0,0,0,0,0,0,v,1,1,0,0,0,0,0,0,0,0,0,1
869,3,34,5,8,t,r,n,f,q,s,d,0,1,0,0,0,0,1,0,0,0,0,v,9,0,0,0,0,0,0,0,0,0,0,0
870,3,94,6,6,t,r,q,f,q,j,d,0,1,0,0,0,0,0,0,0,0,1,v,1,0,0,0,0,0,0,0,0,0,0,0
871,2,15,5,6,t,r,n,f,x,s,d,0,1,0,0,1,0,0,0,0,0,0,v,1,0,0,0,0,0,0,0,0,0,0,0
872,3,19,5,7,t,r,q,f,q,s,d,0,1,0,0,1,0,0,0,0,0,0,v,1,0,0,0,0,0,0,0,0,0,0,0
873,2,11,5,5,t,r,q,f,q,s,d,0,1,0,0,0,0,0,0,0,0,0,v,1,0,0,0,0,0,0,0,0,0,0,0
874,3,23,6,5,t,r,q,z,q,s,d,0,1,0,0,0,0,1,0,0,0,0,v,1,1,0,0,0,0,0,0,0,0,0,0
875,1,14,5,4,t,r,n,f,j,s,d,0,0,0,0,0,0,0,0,0,0,0,v,1,0,0,0,0,0,0,0,0,0,0,0
876,2,20,5,6,t,r,q,f,q,s,d,1,1,0,0,0,0,1,0,0,0,0,r,1,0,0,0,0,0,0,0,0,0,0,0
877,2,112,13,10,t,i,q,f,q,j,d,1,0,0,0,1,0,0,0,0,0,0,v,1,0,0,0,0,0,0,0,0,0,0,0
878,1,11,5,3,t,r,n,f,j,t,d,0,1,0,0,1,0,1,0,0,0,0,v,1,0,0,0,0,0,0,0,0,0,0,0
879,1,16,3,3,t,r,q,f,j,s,d,0,1,0,0,0,0,0,0,0,0,0,w,1,0,0,0,0,0,0,0,0,0,0,0
880,3,19,10,6,t,r,q,f,q,s,d,0,1,0,0,0,0,0,0,0,0,0,v,1,1,1,0,0,0,0,0,0,0,0,0
881,2,21,10,7,t,r,q,f,q,t,u,1,0,0,0,0,0,1,0,0,0,0,v,1,0,0,0,0,0,0,0,0,0,0,0
882,2,16,4,5,t,r,n,f,q,t,d,0,1,0,0,0,0,0,0,0,0,0,v,0,1,1,0,0,0,0,0,0,0,0,0
883,2,23,5,6,t,r,q,f,q,s,d,0,1,0,0,0,0,1,0,0,0,0,v,1,0,0,0,0,0,0,0,0,0,0,0
884,2,22,7,5,t,r,n,f,q,s,d,0,1,0,0,1,0,0,0,0,0,0,v,1,0,0,0,0,0,0,0,0,0,0,0
885,2,13,9,6,t,i,q,f,q,s,d,1,0,0,0,0,0,0,0,0,0,0,v,1,1,0,0,0,0,0,0,0,0,0,0
886,1,1,8,3,t,u,q,f,j,s,d,0,1,0,0,1,0,0,0,0,0,0,a,1,0,0,0,0,0,0,0,0,0,0,0
887,1,8,6,4,t,r,q,f,j,s,d,0,1,0,0,0,0,0,0,0,0,0,v,1,0,0,0,0,0,0,0,0,0,0,0
888,2,19,10,6,t,r,n,f,q,s,d,0,1,0,0,0,0,0,0,0,0,0,v,2,1,0,0,0,0,0,1,0,0,0,0
889,2,26,6,4,t,u,n,f,q,t,d,0,1,0,0,0,0,0,0,0,0,0,v,1,0,0,0,0,0,0,0,0,0,0,0
890,3,14,5,4,t,r,q,f,q,s,d,0,1,0,0,0,0,0,0,0,0,0,a,1,0,0,0,0,0,0,0,0,0,0,0
891,3,19,6,6,t,r,n,f,q,t,d,0,1,0,0,0,0,0,0,0,0,0,v,1,0,0,0,0,0,0,0,0,0,0,0
892,2,3,5,6,t,r,n,f,q,s,c,0,1,0,0,0,0,1,0,0,0,0,v,0,0,0,0,0,0,0,0,0,0,0,0
893,2,23,6,6,t,r,q,f,q,t,d,0,1,0,0,0,0,1,0,0,0,0,v,1,0,0,0,0,0,0,0,0,0,0,0
894,2,26,5,5,t,r,n,f,q,s,d,0,1,0,0,1,0,1,0,0,0,0,v,0,0,0,0,0,0,0,0,0,0,0,0
895,2,2,5,6,t,r,q,f,q,s,d,0,1,0,0,0,0,0,0,0,0,0,v,1,0,0,0,0,0,0,0,0,0,0,0
896,3,7,5,10,t,r,n,f,x,s,d,1,0,0,0,1,0,0,0,0,0,0,v,1,0,0,0,0,0,0,0,0,0,0,0
897,2,23,11,6,t,r,n,f,q,s,d,0,1,0,0,0,0,1,0,0,0,0,v,1,1,1,0,0,0,0,0,0,0,0,0
898,2,9,5,4,t,r,n,f,q,s,d,0,1,0,0,0,0,0,0,0,0,0,v,1,0,0,0,0,0,0,0,0,0,0,0
899,2,0,11,7,t,r,q,f,q,s,d,0,1,0,0,0,0,0,0,0,0,0,v,1,1,0,0,0,0,0,0,1,0,0,0
900,2,11,5,5,t,r,n,f,q,t,d,1,1,0,0,0,0,0,0,0,0,0,v,1,0,0,0,0,0,0,0,0,0,0,0
901,2,41,4,5,t,r,n,f,q,t,d,0,1,0,0,0,0,0,0,0,0,0,v,1,0,0,0,0,0,0,0,0,0,0,0
902,1,8,10,2,t,u,x,f,j,s,d,0,0,0,0,0,1,0,0,0,0,0,a,0,0,0,0,0,0,0,0,0,0,0,0
903,2,10,5,6,t,w,q,f,q,s,d,0,0,0,1,0,0,1,0,0,0,0,a,1,0,0,0,0,0,0,0,0,0,0,0
904,2,7,5,4,t,r,n,f,q,s,d,0,1,0,0,1,0,0,0,0,0,0,v,0,0,0,0,0,0,0,0,0,0,0,0
905,2,23,8,5,t,r,n,f,q,s,d,1,1,0,0,0,0,0,0,0,0,0,v,1,0,0,0,0,0,0,0,0,0,0,0
906,2,22,5,6,t,r,q,f,q,s,d,0,1,0,0,0,0,0,0,0,0,0,v,1,0,0,0,0,0,0,0,0,0,0,0
907,2,29,4,6,t,r,n,f,q,s,d,1,0,0,0,0,0,1,0,0,0,0,v,1,0,0,0,0,0,0,0,0,0,0,0
908,2,4,5,5,t,r,n,f,q,s,d,0,1,0,0,0,0,0,0,0,0,0,v,1,0,0,0,0,0,0,0,0,0,0,0
909,3,14,15,10,t,i,x,v,s,j,d,0,0,0,0,1,0,0,0,0,1,0,v,0,0,0,0,0,0,0,0,0,0,0,0
910,2,26,4,7,t,r,n,f,q,s,d,0,1,0,0,0,0,0,0,0,0,0,v,1,0,0,0,0,0,0,0,0,0,0,0
911,2,16,6,4,t,r,n,f,j,s,d,0,1,0,0,1,0,0,0,0,0,0,v,1,0,0,0,0,0,0,0,0,0,0,0
912,5,13,19,11,t,i,x,v,s,j,d,0,0,0,0,0,1,0,0,0,1,0,v,1,1,0,1,0,0,0,0,0,0,0,0
913,2,20,3,7,t,r,n,f,q,t,d,0,1,0,0,0,0,0,0,0,0,0,v,1,0,0,0,0,0,0,0,0,0,0,0
914,2,9,15,5,n,r,n,x,q,s,q,0,0,0,0,0,1,0,0,1,0,0,v,0,0,0,0,0,0,0,0,0,0,0,0
915,2,1,4,6,t,i,q,f,q,s,d,0,0,0,0,0,0,0,0,0,0,0,v,1,0,0,0,0,0,0,0,0,0,0,0
916,1,14,5,4,t,r,n,f,j,s,d,0,1,0,0,0,0,0,0,0,0,0,v,0,0,0,0,0,0,0,0,0,0,0,0
917,2,4,5,8,t,r,x,f,s,s,d,0,1,0,0,0,0,0,0,1,0,0,v,1,0,0,0,0,0,0,0,0,0,0,0
918,2,37,4,4,t,r,n,f,q,s,d,0,1,0,0,0,0,0,0,0,0,0,v,1,0,0,0,0,0,0,0,0,0,0,0
919,1,21,7,3,t,r,n,f,j,s,d,0,1,0,0,0,0,1,0,0,0,0,v,1,0,0,0,0,0,0,0,0,0,0,0
920,3,37,5,7,t,r,q,x,q,t,d,1,0,0,0,1,0,0,0,0,0,0,v,1,0,0,0,0,0,0,0,0,0,0,0
921,2,10,5,4,n,r,q,f,q,s,d,0,1,0,0,0,0,0,0,0,0,0,v,1,0,0,0,0,0,0,0,0,0,0,0
922,4,85,18,9,t,r,n,f,q,j,d,0,0,0,0,1,0,0,0,0,0,0,v,1,0,0,0,0,0,0,0,0,0,0,0
923,2,29,6,5,t,r,n,f,q,s,d,0,1,0,1,0,0,1,0,0,0,0,v,1,0,0,0,0,0,0,0,0,0,0,0
924,2,26,15,5,n,r,x,f,x,s,d,0,1,0,0,0,0,0,0,0,0,0,v,0,1,0,1,0,0,0,0,0,0,0,0
925,2,17,5,6,t,r,n,f,q,j,d,1,1,0,0,0,0,0,0,0,0,0,v,1,0,0,0,0,0,0,0,0,0,0,0
926,2,57,10,6,t,r,n,f,q,j,d,0,1,1,0,0,0,0,0,0,0,0,v,0,1,1,0,0,0,0,0,0,0,0,0
927,3,39,6,6,t,r,q,f,q,t,d,0,1,0,0,0,0,0,0,0,0,0,v,1,0,0,0,0,0,0,0,0,0,0,0
928,4,21,5,6,t,r,q,f,q,s,d,1,0,0,0,1,1,0,0,0,0,0,v,1,0,0,0,0,0,0,0,0,0,0,0
929,2,3,10,7,t,i,x,v,s,s,d,1,0,0,0,0,0,0,0,0,0,0,v,1,1,0,0,0,0,0,0,0,0,1,0
930,2,8,5,4,t,w,q,f,q,s,d,0,1,0,0,0,0,1,0,0,0,1,v,1,0,0,0,0,0,0,0,0,0,0,0
931,5,87,5,10,t,r,n,f,q,j,d,1,0,0,0,1,0,0,0,0,0,0,v,2,0,0,0,0,0,0,0,0,0,0,0
932,1,7,7,4,t,r,q,f,q,s,d,0,1,0,0,0,0,0,0,0,0,0,v,1,0,0,0,0,0,0,0,0,0,0,0
933,2,2,10,4,t,r,q,f,x,s,d,0,1,0,0,0,0,0,0,0,0,0,v,1,0,0,0,0,0,0,0,0,0,0,0
934,1,9,10,2,t,u,x,v,j,s,d,0,0,0,0,1,0,0,0,0,0,0,v,0,0,0,0,0,0,0,0,0,0,0,0
935,1,4,14,6,t,r,n,f,j,t,d,0,0,0,0,0,0,0,0,0,0,0,v,0,0,0,0,0,0,0,0,0,0,0,0
936,1,9,10,2,t,r,n,f,j,s,d,0,0,0,0,0,0,0,0,0,0,0,a,1,0,0,0,0,0,0,0,0,0,0,0
937,2,22,6,5,t,r,n,f,q,s,q,0,1,0,0,0,0,1,0,0,0,0,a,0,0,0,0,0,0,0,0,0,0,0,0
938,2,2,8,5,t,r,q,f,q,s,d,0,1,0,0,0,0,0,0,0,0,0,v,1,1,0,1,0,0,0,0,0,0,0,0
939,1,7,12,2,t,i,x,v,j,s,d,0,0,0,0,0,0,0,0,0,1,0,v,0,1,0,0,0,1,0,0,0,0,0,0
940,3,17,5,6,t,r,q,f,q,s,d,0,1,0,0,1,0,0,0,0,0,0,v,1,0,0,0,0,0,0,0,0,0,0,0
941,2,2,6,4,n,w,q,f,q,s,d,0,0,0,0,0,0,1,0,0,0,0,v,1,0,0,0,0,0,0,0,0,0,0,0
942,3,77,6,6,t,r,q,f,q,s,d,0,1,0,0,0,0,0,0,0,0,0,v,4,1,1,0,0,0,0,0,0,0,0,0
943,2,10,5,4,t,r,q,f,q,t,u,0,1,0,0,0,0,1,0,0,0,0,a,1,0,0,0,0,0,0,0,0,0,0,0
944,5,984,16,11,t,i,x,v,s,s,d,0,0,0,0,0,1,0,0,1,0,0,v,1,0,0,0,0,0,0,0,0,0,0,0
945,3,11,11,3,t,u,q,f,q,s,d,0,1,0,0,0,0,0,0,0,0,0,v,1,0,0,0,0,0,0,0,0,0,0,0
946,2,10,3,4,n,r,q,f,q,s,d,0,1,0,0,0,0,1,0,0,0,0,v,1,0,0,0,0,0,0,0,0,0,0,0
947,3,0,16,10,t,i,x,v,s,s,d,0,0,0,0,0,0,0,0,0,1,0,v,1,1,0,1,0,0,0,0,0,0,0,0
948,2,19,5,4,t,r,n,f,q,s,d,0,1,0,0,0,0,1,0,0,0,0,v,1,0,0,0,0,0,0,0,0,0,0,0
949,3,19,8,6,t,r,q,f,q,s,d,1,1,0,0,1,0,0,0,0,0,0,v,1,0,0,0,0,0,0,0,0,0,0,0
950,2,13,5,6,t,r,q,f,q,s,d,0,1,0,0,1,0,0,0,0,0,0,v,1,0,0,0,0,0,0,0,0,0,0,0
951,4,25,16,10,t,u,n,v,s,j,d,0,0,0,0,0,1,0,0,0,0,0,v,0,1,0,1,1,0,0,0,0,0,0,0
952,2,13,11,4,t,r,q,f,q,s,d,0,1,0,0,0,0,0,0,0,0,0,v,2,0,0,0,0,0,0,0,0,0,0,0
953,2,6,10,4,t,w,q,f,q,s,d,0,0,0,0,1,0,0,0,0,0,0,v,1,0,0,0,0,0,0,0,0,0,0,0
954,2,7,6,5,t,r,n,f,x,s,d,0,0,0,0,0,0,1,0,0,0,0,v,1,0,1,0,0,0,0,0,0,0,0,0
955,2,28,12,6,t,r,q,f,q,t,d,0,1,0,0,0,0,1,0,0,0,0,v,1,0,0,0,0,0,0,0,0,0,0,0
956,3,2,16,9,t,r,x,v,x,t,d,0,1,0,0,0,0,0,0,1,0,0,v,1,1,0,0,0,0,0,0,0,1,0,0
957,4,11,16,10,t,i,x,f,s,j,d,0,0,0,1,0,0,0,0,0,0,0,v,0,1,0,0,0,0,1,0,0,0,0,0
958,3,40,6,5,t,r,n,f,q,j,d,0,1,0,0,0,0,1,0,0,0,0,v,1,0,0,0,0,0,0,0,0,0,0,0
959,1,21,2,5,t,r,n,f,j,s,d,0,1,0,0,0,0,0,0,0,0,0,v,1,0,0,0,0,0,0,0,0,0,0,0
960,3,14,14,7,t,u,x,v,q,s,q,0,1,0,0,0,0,0,0,1,0,0,v,1,1,0,0,0,0,0,0,1,0,0,0
961,1,15,13,3,t,r,x,f,j,s,d,0,0,0,0,0,0,0,0,0,0,0,v,1,1,0,1,0,0,0,0,0,0,0,0
962,2,15,6,6,t,r,n,f,q,s,d,0,1,0,0,0,0,0,0,0,0,0,v,1,0,0,0,0,0,0,0,0,0,0,0
963,2,14,3,4,t,r,n,f,q,s,d,0,1,0,0,0,0,0,0,0,0,0,v,1,0,0,0,0,0,0,0,0,0,0,0
964,2,20,5,4,t,r,n,f,q,s,d,0,1,0,0,0,0,0,0,0,0,0,v,0,0,0,0,0,0,0,0,0,0,0,0
965,1,9,5,3,t,u,n,f,j,s,d,0,0,0,1,0,1,1,0,0,0,0,v,2,0,0,0,0,0,0,0,0,0,0,0
966,2,7,5,6,t,r,q,f,q,s,d,1,1,0,0,0,0,1,0,0,0,0,v,0,1,0,0,0,0,0,0,0,0,0,0
967,2,22,6,5,n,r,n,f,q,s,d,0,1,0,0,0,0,0,1,0,0,0,v,1,0,0,0,0,0,0,0,0,0,0,0
968,3,6,5,4,t,r,q,f,q,j,d,0,1,0,0,1,0,0,0,0,0,0,v,0,0,0,0,0,0,0,0,0,0,0,0
969,3,4,5,6,t,u,q,x,q,s,d,0,0,0,0,0,0,0,0,0,0,0,v,0,0,0,0,0,0,0,0,0,0,0,0
970,2,0,13,7,t,i,x,v,s,s,d,1,0,0,0,0,1,0,0,0,0,0,v,1,0,0,0,0,0,0,0,0,0,0,0
971,2,16,8,4,t,r,q,f,q,s,d,0,1,0,0,0,0,0,0,0,0,0,v,1,0,0,0,0,0,0,0,0,0,0,0
972,2,72,7,4,t,w,n,f,q,s,d,0,1,0,0,0,0,0,0,0,0,0,v,1,1,1,0,0,0,0,0,0,0,0,0
973,2,19,5,6,t,w,n,f,j,s,d,0,0,0,0,0,0,1,0,0,0,0,a,1,0,0,0,0,0,0,0,0,0,0,0
974,2,14,5,6,t,r,q,f,q,t,d,1,1,0,0,1,0,0,0,0,0,0,v,0,0,0,0,0,0,0,0,0,0,0,0
975,2,17,8,5,t,w,q,f,q,s,d,0,0,0,0,1,0,1,1,0,0,0,a,1,0,0,0,0,0,0,0,0,0,0,0
976,3,38,12,8,t,r,n,f,q,t,d,1,1,0,0,1,0,0,0,0,0,0,v,1,0,0,0,0,0,0,0,0,0,0,0
977,2,33,4,4,t,r,n,f,x,s,d,1,1,0,0,1,0,1,0,0,0,0,v,2,0,0,0,0,0,0,0,0,0,0,0
978,2,13,5,6,t,r,n,f,q,s,d,0,1,0,0,0,0,0,0,0,0,0,v,1,0,0,0,0,0,0,0,0,0,0,0
979,2,20,5,6,t,r,n,f,x,s,d,1,0,1,0,1,0,1,0,0,0,0,a,1,0,0,0,0,0,0,0,0,0,0,0
980,3,34,5,6,t,r,q,f,q,s,d,0,1,0,0,0,0,0,0,0,0,0,v,1,0,0,0,0,0,0,0,0,0,0,0
981,3,15,19,10,t,i,x,v,s,s,d,0,0,0,0,0,0,0,0,1,0,0,v,7,0,0,0,0,0,0,0,0,0,0,0
982,2,3,12,4,t,u,x,v,s,t,d,0,0,0,0,1,0,0,0,0,1,0,v,0,1,0,0,0,1,0,0,0,0,0,0
983,3,18,16,7,t,i,x,v,s,s,d,0,0,0,0,0,1,0,0,0,1,0,v,0,1,0,0,0,0,0,0,0,1,0,0
984,2,40,9,4,t,r,n,f,q,s,d,0,1,0,0,0,0,1,0,0,0,0,v,1,1,1,0,0,0,0,0,0,0,0,0
985,2,5,8,6,t,r,n,v,q,s,d,0,0,0,0,0,1,0,0,0,0,0,v,1,0,0,0,0,0,0,0,0,0,0,0
986,2,26,8,6,t,r,q,f,q,s,d,0,1,0,0,0,0,1,1,0,0,0,v,1,0,0,0,0,0,0,0,0,0,0,0
987,3,25,5,7,t,r,q,f,q,s,d,0,1,0,0,0,0,0,0,0,0,0,v,1,0,0,0,0,0,0,0,0,0,0,0
988,2,16,9,10,t,i,x,v,s,s,c,0,0,0,0,0,0,0,0,0,0,0,v,1,1,0,0,1,0,0,0,0,0,0,0
989,3,22,6,6,t,r,n,f,q,s,q,0,1,0,0,1,0,0,0,0,0,0,v,1,0,0,0,0,0,0,0,0,0,0,0
990,2,0,5,5,t,h,q,f,q,t,d,0,1,0,0,1,0,1,0,0,0,0,v,0,1,0,0,0,0,0,0,0,0,0,0
991,2,19,8,5,t,r,n,f,q,j,d,0,1,0,0,1,0,0,0,0,0,0,v,1,0,0,0,0,0,0,0,0,0,0,0
992,2,16,7,4,t,u,q,x,q,s,d,0,1,0,0,0,0,0,0,0,0,0,v,0,0,0,0,0,0,0,0,0,0,0,0
993,1,1,10,2,t,r,n,f,j,s,d,0,0,0,0,0,0,1,0,0,0,0,a,1,0,0,0,0,0,0,0,0,0,0,0
994,3,20,9,7,t,r,q,f,q,s,d,0,1,0,0,0,0,0,0,0,0,0,v,1,1,0,0,0,0,0,0,0,0,0,0
995,2,3,17,4,t,u,q,f,j,s,d,0,0,0,0,0,0,0,0,0,0,0,a,1,0,0,0,0,0,0,0,0,0,0,0
996,2,5,3,4,t,r,q,f,q,t,d,0,1,0,0,0,0,1,0,0,0,0,v,1,1,1,0,0,0,0,0,0,0,0,0
997,2,29,7,5,t,r,n,f,q,s,d,0,1,0,0,0,0,0,0,0,0,0,v,0,0,0,0,0,0,0,0,0,0,0,0
998,1,2,6,2,t,w,n,f,j,s,d,0,0,0,1,1,1,1,0,0,0,0,v,1,0,0,0,0,0,0,0,0,0,0,0
999,2,11,9,4,t,u,n,f,q,s,d,0,1,0,0,0,1,1,0,0,0,0,v,1,0,0,0,0,0,0,0,0,0,0,0
